filename,label
0029d048-898a-4c70-89c7-0815cdcf7391.webm,1
002db0bd-e57f-4c30-ade0-16640d424eb7.webm,0
005b8518-03ba-4bf5-86d2-005541442357.webm,1
008ba489-31ad-44d8-856b-fcf72369dc46.webm,1
008c1c9e-aeef-40c5-846c-24f1b964f884.webm,0
00bf9f83-2e8f-47cf-a4f2-97f2beceebc1.webm,0
00ce5b06-c302-4387-bbd7-86355a4a8c12.webm,1
00ddf050-6939-4f33-9e54-fcb309b895ec.webm,1
00eead73-a2c2-480d-b2ee-d79b1a526871.webm,0
01208e5c-5338-4f1b-b8c6-41c049e40d90.webm,1
01430fd0-c3f1-4991-b7a7-df514285401c.webm,0
015576c8-2b03-4dcb-b251-78a984fe86fe.webm,1
01567151-7bb2-45ee-9aa8-a1332b5941ea.webm,1
015ec831-e765-44ee-aefc-10dfd95dec78.webm,0
01614a4a-947f-43ca-a609-fc2787509f6f.webm,1
01723b00-382f-4089-a7c3-9c90b3ddad17.webm,0
0177b817-0ba3-498a-bc05-48bc66cc91b8.webm,1
01820f7c-b953-4faf-aa13-978cfda6b08e.webm,1
018b40a1-c109-459a-9e31-86cbd2cb3918.webm,1
01f97898-9ec4-480b-9fcc-a9daa737106d.webm,1
01ff40e8-63e6-4570-a463-9778ea30cad7.webm,1
024cbe41-7932-40ed-a9d3-67c174658637.webm,0
029a668c-e4f8-43a9-9166-8259a9894d8f.webm,1
02aa80ef-a83b-477f-b01d-575651364b22.webm,0
02df470b-ddcf-403a-b726-76be6af905e1.webm,1
0311ee9e-b265-4767-ba51-f3fc8176747a.webm,0
031fd54a-87b5-4223-9af6-60985127fb7a.webm,1
033da4e3-7365-4adc-9252-7347816e4e77.webm,1
03430d6b-4554-4ffe-8c82-507832dc1d52.webm,0
034aa6d3-6673-47a1-a319-325aa9be44a2.webm,1
036d875c-d39b-45f1-a17f-7f7badf0aa42.webm,1
0379c586-c500-483c-83a6-95b63afe6931.webm,0
038592cb-c8db-4f55-8052-e20059146cb5.webm,1
03c33278-ad87-4a37-bf8f-3b1fdf69ecfd.webm,0
03c8796e-547e-4158-ae5f-7c613aaeb02f.webm,1
03d30b8b-03f8-4089-bda8-0e14deec7d82.webm,1
03fca101-9ce7-4eb9-aeae-a6f8d4ee5599.webm,0
040e6a1c-dcbe-47aa-8b9d-51abd8136d91.webm,1
046545bc-7f2c-4425-9be2-ffc22bba515e.webm,1
04c60cde-024d-4829-838e-a469363c8ca3.webm,1
04cc2c07-2d87-46a8-a60a-27edf382b7ce.webm,0
0512e4fa-684b-4d81-8dda-a38ffd0b67a9.webm,0
0527be95-d7f1-4156-8e37-1587355661ca.webm,1
052fc88d-aa01-4422-85fd-f0ddebb8bd95.webm,0
05458ac9-b4d3-4558-b6b2-b2bf7036f16c.webm,0
0569d979-384b-4a30-b0ca-2b19e8c8650b.webm,1
0593e9bf-e162-46c2-b1d5-3bc34ef1fc6f.webm,0
059ae242-fffd-44c7-b821-9d73f93449aa.webm,1
05bb63c1-bff1-4faf-bb2a-b887e7016f69.webm,1
062b77b9-9326-4d91-9b2a-9b10b41d1cd8.webm,0
062c3a7f-a783-4b43-806e-6db83aa0da15.webm,1
0640716b-e287-4181-a653-5b798e8308c8.webm,1
06993140-c36d-4d03-befe-713c646e3408.webm,1
06b49798-22b7-4570-85b9-1390947ff34d.webm,1
06b568b5-b9f8-4334-816c-c16009bb5de7.webm,1
06b58ff7-42e9-49d8-8b56-dd82e7b18ace.webm,0
06c4f102-237b-4ae6-8f79-8f2f2bfe4856.webm,0
06e9197b-9b40-4bde-bde8-9e78242a60ac.webm,1
06e989e7-b76d-4a36-8c5c-c59ef0d9d663.webm,1
06fbfb8f-164c-4c97-a626-0b7d56543751.webm,1
071da517-8148-4a3a-9d49-fbb22938741c.webm,1
0733f882-d7fd-4dc5-a1b0-8aeec64fc112.webm,0
0739e54f-d530-48a7-ba35-3fa3c0e4dd1f.webm,1
075cdb5a-5c29-4266-84ea-c44963bd0454.webm,1
0762cd0a-5ce6-4b1b-9374-5d4396c218ed.webm,0
076f59de-0637-4ee1-951c-f2e0784e8a53.webm,1
07809b76-1f10-424e-853b-cbf4756a8ba2.webm,1
07c16495-d19c-47ad-ba39-d2e24f31d6e4.webm,1
07e2f7e1-8e9b-4962-8701-fbe1224de7ef.webm,1
07e33d6b-560d-4c16-8d7e-ecd5ddb3b195.webm,1
07f95718-2edc-4baa-9e18-3c6e04eb6e39.webm,0
08024f8a-88fb-4298-9656-04da97112ae6.webm,0
080b6119-f1ab-4337-93dd-aaccf73b4ee1.webm,0
082991fb-ee66-4970-91dd-50890f4cc9b1.webm,1
0837bd59-09c5-4098-afe3-4bcbfb0fb0e2.webm,1
084f6ab1-5c65-4524-a8e0-1d68395f0f2e.webm,1
085c22f5-f9aa-4b42-9c20-59c67baf52a5.webm,1
089f764a-6620-4554-8519-ac64f833a5d5.webm,1
08be7cfe-da7b-4126-8290-aafe8a608b56.webm,0
08d5d346-6219-4e6d-ac06-ef489f2d186c.webm,1
08e1fcba-d1b0-4365-b1ac-5efa5d143bcb.webm,0
08f05aa0-7c3d-40be-a8ae-ab6bc6d41be3.webm,0
09115490-33a9-461c-9437-d7f71be057b0.webm,1
09126c08-5214-4723-94f1-7b654464eac0.webm,0
092d10af-b848-473c-8dfd-19376b7c587a.webm,1
0941c9a0-7d1d-4c69-9626-e9abcfcc3460.webm,1
0951a755-361c-4ee1-b118-84d16c34ba82.webm,0
0969d0c4-34ce-4e9a-8cf1-1b18403587e8.webm,1
098a2a72-f7c9-4f46-9a55-597c3119d662.webm,1
09976800-a17a-4ab5-b9a2-547a8091e6b6.webm,1
099f9c59-3206-438d-8fd5-be59c5337afa.webm,1
09aaa59d-0263-4475-ab15-3bf00a32c0ef.webm,1
09bffe1a-63f0-4f2e-942b-f7a152b344fc.webm,1
09de6967-b295-4516-8a4d-4d95c9a7b02c.webm,1
09e64861-61b1-4f66-a7c0-17ac1a0c60f0.webm,1
09ef22ac-58b8-4f3b-b00a-94f926298dae.webm,1
0a03da19-eb19-4f51-9860-78ad95fa8cb5.webm,0
0aa64689-c48a-421d-b353-c3496bad51ed.webm,0
0abc55f4-83bb-4284-87d2-65044bf06200.webm,1
0add5e55-136a-4eaa-98db-3495635cbb56.webm,0
0ae9bba8-22e1-4da7-b270-074bb767c84c.webm,0
0aec66e3-47a5-4f3f-bec6-ad38d090b219.webm,1
0b03673a-28db-4e1c-aeb0-4fec88d977a1.webm,1
0b0d7e10-8353-4124-a16b-bf96e405f63c.webm,0
0b14b4fa-edf0-4595-89af-d4a69208205b.webm,1
0b2f75d7-f116-4f35-ae4c-f2018eab2794.webm,1
0b35d226-9927-4ddc-b5ea-cca273d43f66.webm,1
0b43fe9d-c9d6-4d0d-abf9-52f6b3712325.webm,1
0b60a771-1dde-49b8-a46d-d049b1791ca4.webm,1
0b618a49-9562-4fa5-afb7-fce583b5a444.webm,1
0b6c6e9b-7c10-4977-a281-f809b939c2e7.webm,1
0b6ea0b5-e036-43ca-8462-d128f6232bdf.webm,0
0b6f8543-c5e3-414c-a4f3-020e56e8ec60.webm,1
0b72bbdf-fe74-4c76-8c9a-9e4a60a7b9f9.webm,1
0bbac203-c99f-4895-ad6a-85202f1d93a2.webm,1
0be75221-126f-4971-bf65-d8c3189bfeff.webm,0
0c01c4ac-cfbf-45b9-80db-492f334aaf30.webm,1
0c35e382-31cd-42cb-bc87-8a84b9c52a41.webm,1
0c4d0b5c-1007-4426-8444-e71a1c2732f3.webm,1
0c4da14c-7035-41b7-ade2-38aa1481c046.webm,0
0c9f2427-ce97-4c4d-9f24-ee83e949ada6.webm,1
0cb72725-4166-475d-99a2-5e4e269c1eea.webm,1
0cc0ccfb-674f-4e9b-b6f3-539478d6d08d.webm,1
0d1cb244-e3cb-404d-97f5-99592b92da44.webm,1
0d6054d1-f83e-415b-85dc-8ccc318d1100.webm,0
0d62d429-5782-4f40-b682-9aa5bdd5cedf.webm,0
0d930dca-d29e-4b69-a211-79ce69081c97.webm,1
0db7625d-01c1-4b73-9879-c5609838c746.webm,0
0dbd034b-71d1-4927-8f33-c0645f42c47a.webm,0
0dcae895-e7c6-4e47-a399-29f22b37e075.webm,1
0dfa1560-9b26-4474-a9d9-d96c05424fbc.webm,1
0e2f8fe3-12aa-464f-a4cc-312efa425b98.webm,1
0e39d36c-e428-4a02-ad64-1e38ab0d661c.webm,1
0eba0c0a-5609-4777-903d-b15292798250.webm,1
0ebb8b25-3a7e-4018-81c6-c93c832fa769.webm,1
0ebcd337-e754-4955-a935-f7b3f04ec5ff.webm,1
0ed0f24e-8e57-4183-9b9f-837a701f87df.webm,1
0ef3c0bc-56c3-44da-bea0-dc31a158414a.webm,0
0f04746a-08e0-40a2-9431-2f57f9166720.webm,1
0f15c5f7-c09e-4755-b9db-8127fb9f0a07.webm,1
0f1d05f5-1d1f-452c-be28-fb0c7b8085c4.webm,1
0f22e116-d0d6-4efb-9444-fc351ff5964a.webm,0
0f38cc71-e212-481e-ad6f-7ab087eb3cdb.webm,1
0f48e572-df90-4dd5-a30c-6a79f96cc50d.webm,1
0f4b20af-c6bc-4da8-8f29-bd291bcb55e7.webm,1
0f639e53-8c24-4a2b-a87e-07a2125c5943.webm,1
0f746594-9aa2-4681-addd-bea6230b9027.webm,1
0f79324e-9dc6-4f6c-8c13-2a3041f044d1.webm,1
0f87635c-4a6c-4c84-aaae-34afc236c22b.webm,1
0f8d80f9-700e-4069-924d-e15f29d7c19a.webm,1
0fba2d94-9941-4b3e-aa06-45c9f164dce7.webm,1
0fbbcd89-d79a-49ec-b207-c0f2f32d8d50.webm,0
1005ef8a-7d26-441e-bf06-8849165038d0.webm,1
100fa960-30ee-4dfd-9364-38cf878709a0.webm,0
10344906-5f7c-4d1d-93a8-56585cc33b2f.webm,1
105d18a9-f281-4e4c-bb7d-1ad9885696c9.webm,0
1063e6ef-babd-4765-b029-bf92475dc9e3.webm,1
10aed3ae-9ec1-4041-bac6-90b1d4634aee.webm,1
111ccb19-92b9-43e2-b44a-38cde5bf0ca5.webm,0
1122a43f-1a4b-4292-903e-963b8463a56c.webm,1
11237f1a-3eb2-4cf7-80f7-116df4b1699a.webm,1
11837fe5-a206-4b9a-8fe4-1aec20701101.webm,1
11c1e2d8-52e2-4e32-8ab8-b858268e0ca9.webm,1
11e0ed82-8f65-4a71-81cf-20fed63f9e51.webm,1
12519d8d-43bb-4ed7-9c76-03d3fb486c4a.webm,1
125243ce-cda2-4412-a38c-474dd3875d1f.webm,1
126b940c-b6c6-4d3d-adc2-92aafab911b4.webm,1
1273d304-c974-473a-b9eb-f8c42e3a8389.webm,1
12a1f8a8-d986-477c-a186-501247d38869.webm,1
12a7d4c8-1dea-4ba3-a9a9-73fbeca9cc96.webm,1
12e5c857-56f1-4e02-9490-8b75f25b3ea9.webm,1
134e5ac2-706b-4098-969e-18c24f0f0002.webm,0
1351a8e1-f5e5-4a05-a6a9-4bac18393022.webm,1
13606b20-6081-484b-93e2-dd80648bfe06.webm,1
136d62c4-8b6f-4227-809f-1cdfcf7a767b.webm,1
13851b4d-1ed9-4be5-85c3-b602ab2e8c88.webm,0
139d0f69-4c1c-416c-933e-ab45ea42ff93.webm,0
13b55d58-ad6d-4cb4-933e-80622a4ff240.webm,1
13be4c55-d212-4c7e-ab8d-04bf51b30b11.webm,1
13cc16ff-2b44-4740-b7f4-e80cf7404d30.webm,0
13db4f04-6a75-4ae6-a8ed-45efb08cd0a3.webm,1
13ddcdda-6ec1-458f-938c-9f0515a9b642.webm,1
13ec7c23-9c3d-42a7-90e7-ca621e8e2c33.webm,0
141ad4b1-d9b2-407d-9e48-913915c02b74.webm,1
143649de-eec9-4efc-9763-f8e52a38b9fa.webm,1
1455b3af-0901-43f5-aa16-64fb01113eac.webm,1
14a3c119-bee8-435a-9193-d2ce7cb84a03.webm,1
14b98f74-59eb-407c-b1a4-53064ee45b43.webm,0
14b9f356-c3dd-456f-9875-5125040d0c83.webm,1
14c7b709-ac4d-4aee-bdbc-ac51c11a497e.webm,0
150de1d1-3e1c-4319-8575-cc8b89f775f3.webm,1
1510dd92-a632-48ad-b5e7-1853a9e8e61d.webm,1
151ebdf7-c5cf-48ba-9105-49e69c639578.webm,0
154161ff-1243-49c0-a377-72992b6954e3.webm,1
15704523-4a4e-43f0-9b25-47d6a674f9ff.webm,1
159c098b-ec97-45cf-aeb7-ff389a98d95c.webm,1
15a0a034-354e-4637-b74c-9653763e0862.webm,1
15a88a65-a01f-4d31-9cb3-a8b46bb8b780.webm,1
15f12b8d-7ba5-444e-975f-f1b26c6e75ae.webm,1
161d1ac7-7dc1-440e-96e1-fa091f76d828.webm,1
1645e119-c9ee-4cf8-9a87-31bcc8b025bb.webm,1
164ff16d-2af8-4724-9a57-3b3bd7e17839.webm,1
16527cdc-bf15-4805-8f8d-28b11175ff5d.webm,1
167b1c65-40e6-4330-8dc7-d51d735ccdab.ogg,1
16a0e4d0-f2aa-4737-99af-70b21b31d0a5.webm,1
16af8331-f890-4f2e-bf49-2b42985d379e.webm,0
16b16ff5-e875-4f0f-ad76-bd7ba27faca6.webm,1
16e4a472-4063-43ec-8358-994bca39e366.webm,0
16e8dea0-01da-416c-9478-0dfa748238fb.webm,1
16f9b161-86c6-4af1-99cb-0ab327f10fed.webm,1
17022b71-56b2-403e-9da9-097810159d4a.ogg,0
17584206-26c4-45db-9836-e79c6325327f.webm,1
178f39e2-a261-4ec6-a8fb-3f89c3c795bb.webm,1
1796e9dd-2cd1-4cce-b17f-f3ca743e54c5.ogg,1
17acf0f2-d97a-4881-bb20-766e3ef20991.webm,1
17c2e5aa-000c-4efe-aa47-c0a7229cd222.webm,1
17c71a33-db88-415b-b207-d04a13280af6.webm,0
17e623e8-7179-4805-889b-83ba37063d21.webm,1
182246b0-9f77-4c40-976e-3c9342619819.webm,1
183ad348-a149-4546-b57c-519747f09784.webm,1
1853c64d-a058-471d-8409-84fd2afb5edd.webm,1
18722fbe-d240-457a-a0fc-2d9d09bfbcc8.webm,1
18736769-dad3-4fa6-88d5-6e8dfc951008.webm,1
18819971-75a0-464a-a69b-ebbda6480789.webm,1
18987ee0-4393-40c5-816f-d002befd49cd.webm,1
18c36541-7566-4f46-8264-3716e2e71f30.webm,1
18e49b6e-60e4-4eb1-8de8-e8261576dbfc.webm,1
191dca0e-7951-4aa3-9764-2761bd511955.webm,1
1930bce0-6443-45d3-a33d-2802fa64f07b.webm,0
195f9381-cf35-45da-b0ae-cc4ed04e9283.webm,1
19654d11-2cef-46ec-8007-4a4c7bea60af.ogg,1
197fd3fd-2c59-41b3-836a-8c9d51b3fbb0.webm,1
198c88cb-8f41-4a79-9c4b-be606361e80b.webm,1
198f3500-da31-4e16-aa93-05e56a62eea2.webm,1
19cb6e8b-d747-4770-8770-9211d31f2fc6.webm,1
1a0d7c38-e644-4c5d-9ba0-bf9bdc0bffd6.webm,0
1a324acb-12f7-4eef-8e8c-0c71a47280e2.webm,1
1a496dea-1bd3-412e-af9e-09799afcad72.webm,0
1a7b91c0-c8c4-4f99-9be9-9dc879976f0b.webm,1
1add9b29-ef49-4a03-b38f-c9391161e7bf.webm,0
1ae6e5f5-8506-4282-935f-41248f800700.webm,0
1b1f2c9b-7cfa-4eb5-837d-36ae3d647c92.webm,1
1b25273d-6761-47f7-b1e3-36ed0d0b4701.webm,1
1b7a8173-80be-4905-bdaa-b471b228b1ed.webm,1
1ba36c5a-542c-4164-aa43-b1f01f23f94d.webm,1
1c13288a-9ef9-4027-9ca6-06472a106fb1.webm,1
1c21cb68-6ea8-4aa1-af22-2e64007554d7.webm,1
1c34e7b6-708b-412c-b934-4af1e2990f67.webm,1
1c4c4928-4a83-4fae-be54-48a557fb7739.webm,1
1c7b9152-fd61-4742-8da9-233dd0b93008.webm,0
1c7f79d6-70bb-4558-b5a9-0c94c9418610.webm,1
1c8853d4-5a0b-425e-b211-d20b2d16e35d.webm,1
1ca49e1b-7b7a-4442-8603-a41083fc49e3.webm,1
1cc88f3a-3529-4cb8-a167-fc0cb5b0bfb6.webm,1
1cd13fe6-9d35-4a86-82ff-a9af6b90d70b.webm,1
1cd191f3-876f-4412-a667-7e406b294af9.webm,1
1cef13ee-037d-49cb-bbd3-bbb44328cd91.webm,1
1d120109-bee0-4597-8fc6-c8eaf97cab5c.webm,1
1d146112-7784-4213-ad55-4a276c37fcb6.webm,1
1d19775f-175d-4fdd-8dfe-c080a0c8de45.webm,1
1d1b2daf-5b26-4176-b826-c521d25ee5c5.webm,1
1d1dd53c-0b98-4ebd-a34b-e168bff6b7da.webm,0
1d3f954c-8d15-4279-832b-e2487b96750f.webm,1
1d471862-8805-411b-bd10-2b8e9ffdf718.webm,1
1d5264ed-d766-4104-b2e0-4f6d763f4331.webm,0
1d6cb7bf-b926-433a-bf6e-0d8ce43d02c9.ogg,1
1d8101a3-75b0-4ba8-840d-965eb76ab547.webm,1
1da3fe9f-2803-4d66-a43e-6c64bd2aef40.webm,1
1daa39b2-4ac2-4239-8275-c8d97067734c.webm,1
1dca9938-00dd-469a-a476-da7d21e90027.webm,1
1dd3b212-e969-4ede-a9d9-f24b711e2028.webm,1
1de44182-c6f6-4059-bb54-1e8552999e03.webm,1
1e2fb96c-cc9c-450d-9474-b363b22adfe8.webm,1
1e3025cb-d921-485b-a08c-c2966fc4f730.webm,1
1e34e7ac-1799-4880-970f-cf2ae6cbaa98.webm,1
1e35ccdb-4d0c-4a40-884d-500fa21dae26.webm,1
1e4aef1f-a0d0-414b-8f09-b588a455111c.webm,1
1e7be325-faea-4c05-b0ea-0ca8a2e205f2.webm,0
1ed2eced-cfd7-4f12-917d-a59b7b024d01.webm,1
1ed9491a-4036-4308-bc44-5036fc2e9f28.webm,1
1f02c230-3a22-4ee1-81e4-7e7237b36c03.webm,1
1f6a497a-7d48-4db2-be34-c7760e427427.webm,1
1fa034b6-d000-4066-8ad6-3f17e739e65a.webm,1
1fb47adc-d640-4c2b-a6f2-7e1078caad81.webm,1
1fcd577a-af2b-4352-a735-a1d1a7e7d0b1.webm,1
1fd4bd15-88c4-47ae-bbe3-2434af431df5.webm,0
1fe79a36-5e5d-4649-9d19-be660fbfb3b4.webm,1
2018bfea-0071-4aca-8d45-18dac4d65199.webm,1
20602da6-a92f-40ad-81d2-1688f5f1fcde.webm,1
20638b85-0ab9-45cc-b257-9ce9986946de.webm,1
2089c2bd-d408-429e-9f15-138343a5cc9c.webm,1
20c748f1-3eba-47dd-84fa-b9160e4a1ac6.webm,1
20ea7a60-c553-43e6-ae4c-756bc1e66b98.webm,1
20fd26c4-26d2-48d8-bf6f-f5b37a0d838c.webm,1
211c948b-1f0f-4e9d-ba8a-45aaf9496a78.webm,1
2137ce12-072a-499e-bf8d-5ef099aa4b6b.webm,1
213aff15-681f-4f36-a001-07dd623161d3.webm,1
2143ebda-26f8-4cf7-9d99-471f11c3c584.webm,1
214df3a3-e1d2-4c93-a515-011551db9173.webm,1
21519b33-26a1-48ab-95e9-290188d9d7ed.webm,1
21582038-eca3-4517-a16f-c34db540341b.webm,1
215cf805-8e9a-44ee-8721-20db30e34e3d.webm,1
21601275-9606-4574-869d-1cec6120d3e1.webm,1
217f4053-74b3-4e1b-92f3-24004064066b.webm,1
218f522f-d3b0-4370-a93f-e8a70d958950.webm,1
219fd505-5d9e-49ca-beef-e815feb78179.webm,1
21a1fe29-c65d-4aac-aa86-77783863dfe4.webm,1
21ad6bc4-ecc4-4a22-b940-618bdd7ad20b.webm,1
21aee478-6d13-45ea-be4d-4f29fd244798.webm,1
21b2bb88-3b7f-4120-9a2a-ccee47298761.webm,1
21c16c1c-46fc-4b80-b941-65d7c6e87555.webm,1
21cffd04-bad1-4b15-8e09-56406780f640.webm,1
21d95211-da92-44a9-83c7-30f8d4c6d670.webm,1
22002ad7-3fb5-47d7-8987-e3cdc0931439.webm,1
224ee66d-7c74-474d-8123-360b75ed739c.webm,1
225cf920-b008-43d4-92e3-6640aaddd431.webm,0
228b8f67-e43d-4ed3-80ab-7695baa48107.webm,1
2295a6f8-08d5-467f-8534-8329c9083f28.webm,1
22975528-762e-4bd7-9f73-a3da0b485cb4.webm,0
22aa69af-e8d0-4f05-9403-6b3e40d464f9.webm,0
22ac9dc4-858e-4db5-886e-792d7553e67f.webm,0
22cb791b-2eba-480f-9eb3-69018bd25a04.webm,0
22dcfcdd-52a8-4b42-9c50-c0a3696382a9.webm,1
22fd67e4-0911-45f9-8625-1fe8ba4323cf.webm,1
230eb02a-14df-4430-9603-634552b985a3.webm,0
23180623-c32f-4fa7-85db-2aaf72438824.webm,1
23757c39-1cc1-4c17-bdda-b8b44c42a68e.webm,1
239862c9-653a-46c7-ba74-2511aab54340.webm,1
23ad16a0-1a5b-4dfc-b326-f916f31fafe3.webm,1
23b27f73-bbcc-4856-a5bd-8a9719e471db.webm,1
240021ec-048e-431d-9548-11d7c234389e.webm,1
24209c21-c5d7-42a1-905c-e594037feb43.webm,1
243896b6-2f02-4b97-bcff-218376abf1c9.webm,1
244d35b5-565c-4a3b-a1bd-baa8f899f9d2.webm,1
24526b28-3377-4f1e-942f-8e3f6d38e44b.webm,1
2455598e-8a2c-457a-846c-1af4993e582f.webm,1
2456a0d5-dfa2-44ce-8b09-5b15ae34d314.webm,1
2457c496-0a45-4c4c-942f-5598c39c9b89.webm,1
2475fcc6-74d7-46b8-b35b-4f134d7d57bc.webm,1
2499bd0e-4221-449a-8184-ee15e1c80b35.webm,0
24dc7236-522f-4120-b76d-65538ab32b5b.webm,1
24f20435-bf37-4ba8-b5e3-47c492e8f52b.webm,1
2519f0bc-6606-4537-acc2-b8fdec0ee15c.webm,1
2532b7ae-20da-4dde-ab4e-46ffe1fdbe77.webm,0
254cae14-594b-47c3-b62c-48b35e85d338.webm,1
255387fa-5934-4b9b-8c6d-9de47c3841b0.webm,1
2561c0c9-c4d4-4d63-8c8a-610d6eafe593.webm,1
256e942d-15a4-48d3-807c-9a8b386984b5.webm,1
259ecdd2-5641-4b33-966d-7cf0b3af87a5.webm,1
25a6fb1b-a42c-4728-a2bf-d0613e17d1d7.webm,1
25b1b7c0-f939-426a-bffa-ac64888a00b4.webm,1
25b750e5-8a76-4c13-9fd8-851e45d1b5ed.webm,1
25d5e8bc-0203-4909-aebb-00df700417b9.webm,1
25e59482-9d33-4a0c-bfbf-5438b9c0c9ea.webm,1
260ef2a5-b9d2-41e7-afc7-bed26e7af5b9.webm,0
2677a6bb-60c8-431b-9c49-1f808a273684.webm,1
2687c6bd-f9cc-43a3-b7f3-d0663cc77e65.webm,1
26abd7b6-569b-41ed-955e-0481ed0368dd.webm,1
26ce1218-1d55-4f45-a0f5-643c0f92c2c2.webm,1
26d7e2c7-6614-4dfc-af30-acefde8a21a9.webm,0
26f9e573-3e23-424c-a75a-d2b1a91a575c.webm,1
2716f7c1-a47d-4634-9f97-e2d8c59b3bbf.webm,1
271dc530-49dd-4f49-913d-28475b4a150b.webm,1
2748930a-4455-44de-8848-112d455554f7.webm,1
274d8066-46d3-43f9-b388-86db67c02e15.webm,1
274fee77-6d89-4b0f-962e-28969658b430.webm,1
2775e1cc-a85a-4c6a-8a4d-b4e225613d23.webm,1
27a23047-925b-4b76-879b-eaeab82e0857.webm,1
27bfbb49-3141-4d9e-9746-0e830e859907.webm,1
27c2cc15-dd1e-455a-8bca-59794d2fe98f.webm,1
28027420-7148-4f4f-a4d1-0884389bc6df.webm,0
281c6a0e-d4b7-422f-84d0-e1afa02c1bf2.webm,1
2830e2c6-92b6-4e2c-acb0-763e0ff6d0a7.webm,1
285e7f6f-503a-41f0-ac3b-173433a8cf40.webm,1
28648464-a8cd-4d33-b861-9c592154a844.webm,1
28654288-ae7d-447d-9631-7fe1712578b0.webm,1
28757e31-b8f6-408c-982e-a016170ab3ef.webm,1
28b30c43-8b77-436a-a181-9b36ec9f0553.webm,1
28c08126-f32e-4337-b4b1-cba26602f185.webm,1
28c76cca-15d8-490a-a785-9bbb5c21fd26.webm,0
28cb1fbb-ff5a-4ab6-b676-0d3d0e8c9235.webm,1
28ccfa17-8a60-43b1-b0b0-2db7042c088e.webm,1
28d173a5-6b04-4c7b-8b29-84e670dc6c35.webm,1
28d4e487-0d9d-4911-951d-5de7fcb5c986.webm,1
28de464d-b466-45cc-849d-a1c138c96767.webm,1
28de837b-8dbf-43a8-a90f-04e644a04933.webm,1
29121026-d6b2-4203-8491-227353a60348.webm,1
294acf4f-8fda-4d91-adcd-f125ba9bf623.webm,1
296446a3-d81c-4aaa-897f-d80c849b95b0.webm,1
2974b8ef-49f1-4390-a974-758104bd9f02.webm,1
2989f5c7-1b1c-42aa-9f44-05e8d6fea729.webm,1
29b6542b-6a40-474c-9eb1-787ebfbab90d.webm,1
29b6feee-6562-48cc-844e-dbfa815a5723.webm,1
2a0a64ee-1750-451e-b52b-35fcf87ed005.webm,1
2a49d183-60b0-4ccf-8147-876cc291670f.webm,0
2a7328f9-4c7b-461e-8975-0809d0c49de9.webm,1
2aa1d5be-0191-4540-9159-77ec1faa4094.webm,1
2aa8f538-07ca-41f3-b20a-8d9e5ef24cfe.webm,1
2b1bb7d6-5ebd-4511-878d-002dd69f0d1a.webm,1
2b243e9c-37f2-4552-ac69-4cdf0e070b9a.webm,1
2b486360-b5cb-46d0-b1b0-d18892703746.webm,1
2ba1edda-3fc6-43f6-91b6-4e5c766425a3.webm,1
2baa4845-c6e6-44a6-b4f3-f239be93bfa7.webm,1
2bb66cf8-ae01-4f8d-93d2-3bc4b08c08f8.webm,1
2bcc1031-937f-46b2-af1d-fd593a0b5d39.webm,1
2bcd2201-d3ec-466d-a0a1-1305a46aa74a.webm,0
2bf8823d-9212-4cd9-9eb6-564cd5f1ddf4.webm,1
2c16ec6e-321d-4d18-82f4-9e5f59e32449.webm,1
2c2afa09-cefb-410b-b6b8-ce54887ea23d.webm,0
2c2e3dea-3a4d-47f3-9c14-3058cc44db47.webm,1
2c333872-8c6f-4818-a011-7a5efb063509.webm,1
2c38b55e-7a52-4b23-a4a5-f0da83cd2cba.webm,1
2ca9e925-859f-417e-838b-681d77639839.webm,1
2cba06c6-a2af-4307-b53b-cdde40ee9492.webm,1
2cbe1acd-2fa9-4726-8ae0-120ddfdb8133.webm,1
2cc2fd2e-6314-424a-977b-7237f935fb65.webm,1
2cc30bb4-6e0f-4cb5-a7a5-f7fa03c203ba.webm,1
2cf721bd-cb1c-4634-8417-ec55ff9a864b.webm,0
2cfd466b-baa2-43f2-be7a-be2fb0e6dd66.webm,0
2d28744c-a394-438b-8999-054224419c26.webm,1
2d79341b-2ce5-4c6b-82d0-599626f629d6.webm,0
2d945d23-990e-4f00-91a6-b4de59fcb2a6.webm,0
2d9cb119-d985-4dc8-8b8e-8f0ac488f2ad.webm,1
2da2b65c-a06b-48c8-848f-fd905acb9b0a.webm,1
2daf940f-6253-4edb-b801-f3db88255d22.webm,0
2dd7dcf1-1065-4779-98ae-7e152ca3b1d5.ogg,1
2de3fb8f-20a6-4fa5-8428-11cad3338d37.webm,1
2de41de6-fd3d-4948-adca-78ae50b9bb97.webm,1
2df9d90f-7616-482f-ae5a-e0c8d3ee4289.webm,1
2e0e732f-3cf5-4fb6-9762-aae4ab603d4d.webm,1
2e333c71-320d-4889-a8f8-72e951b8f9aa.webm,1
2e349a58-b119-4b15-8b3f-5a5c6416bca4.webm,1
2e41a2bd-6462-407d-8078-9f7b86a54f52.webm,1
2e4ca5b9-2e1f-4e81-b830-c75ae040dfb4.webm,1
2e4d87d7-b9de-43c0-ae02-8bc985788b59.webm,1
2e687a52-6e9b-4343-9688-b96132f52f87.webm,0
2e704c72-6b85-4241-b680-f74c2ab70ca7.webm,1
2e80e707-3bbc-4dda-aeb0-c6afa96dab97.webm,1
2e9f905a-697c-48db-883e-7e905873172f.webm,1
2ef79bd0-5d88-4583-a45d-a6570dfbd4c7.webm,0
2f63ad4e-0441-454b-a5b1-20c88f864433.webm,1
2f7f0c1b-782b-4b90-9f0b-ed60edfeab89.webm,1
2f9750bf-c157-4326-b12f-b0fd5b6ec229.webm,0
3050a1e2-d70b-4f86-9e57-f33220b8f990.webm,1
306d3ace-9b3b-4285-ba5c-86b0797987c9.webm,1
306ec0c0-fb62-4471-a2d7-d05b752a7268.webm,0
309f7a85-57c3-4b1f-baa9-d1290d1d1b23.webm,1
30a6ca1c-0b72-4ad2-9226-e9bb06add48d.webm,0
30b9a320-705b-452a-9ff9-daa6f5639085.webm,1
30d6b101-9736-4522-a2d9-4f010d3e72b0.webm,0
30d927be-7a71-4e50-b8cf-ed9ff6f8dca4.webm,1
30f275f4-7248-4909-9753-f9d7b294d3bd.webm,1
30f89651-4d57-4de3-8575-ab68725eccef.webm,0
30fa4631-eba2-44d7-ba44-4ef930092d45.webm,1
30fee754-9e9d-4113-ba50-d18e382d3200.webm,1
310167e5-7156-46a6-80b2-2a14ec7dff52.webm,1
314cd5c3-0030-4ea1-83b3-d6845897b903.webm,1
314e4ee9-ee77-4abc-a5fb-4e52142c57a5.webm,1
3169ae75-df07-48b3-a04c-b33cd3b10b30.webm,0
318642a7-90a0-484e-b40c-30286ae88037.webm,1
31874a9d-4405-40c4-b088-b0b16fa94690.webm,1
3188bce4-8516-4ea6-8733-2538519e770e.webm,1
31a557c8-eaf3-4ab7-b374-5b8b659222c8.webm,1
31b8dc8d-3fbd-4e0c-bbae-def12bc16ea2.webm,1
31e5a9cf-6a3e-43a3-8e0f-65c99f5748e9.webm,1
31f74e48-2e55-4167-980d-d328138a71a9.webm,1
32233260-588c-4431-a326-4a0ea6c669c5.webm,1
3245eebf-f4d3-4a72-ba74-26a5af5da2d1.webm,1
3252c6f8-e7bf-41ec-8105-87c2a74739a2.webm,1
3259a18f-c4d3-489b-8ed1-2d2b9fbaebbd.webm,1
3278e364-afdd-4c39-9126-b8b4a4caf1c5.webm,1
32ba514c-b6e5-45a5-a62d-a4555084e3ed.webm,1
32eea255-502c-4bb2-9160-12aa16912ea9.webm,1
332ab58f-9728-4cea-9960-c49151120510.ogg,1
332d696d-74bf-49ef-998a-764316780ee5.webm,0
333ca4a1-557a-4be5-b2e3-9e572b3132ff.ogg,1
335a56cc-66bf-4dd0-a60b-f7a596e43c08.webm,1
336b15df-b282-4956-bb68-548ec950bb2f.webm,1
3370d5eb-4cc5-4c65-987b-ebc9ac8caf5b.webm,1
337cd5d6-ba5c-47d0-bc3f-15d4a75b747c.webm,1
338f9eb0-d1eb-4448-b183-15d75afece8c.webm,1
33b688eb-cae8-40cb-9d71-694f5d2f417f.webm,1
33d67255-2abf-4ed0-8779-7c2f9251462d.webm,0
33dd938d-7654-4238-a207-cbc3fad63349.webm,1
33ed7ec5-c28f-4397-90ac-f64af5d0393e.webm,1
34191fb6-7fb8-4cbf-a5cf-ea458bf4107b.ogg,1
341ff20f-b75f-4d5a-8ee9-38ba198ed6ec.ogg,1
344f10c7-9219-421e-8d2a-906111988422.webm,1
34747e4f-a116-452d-b611-eefecc0c585e.webm,1
3481b694-34fe-4b03-a529-88ef085815fd.webm,1
3483aaf8-14e4-44ac-8b20-6f1a05cfa822.webm,1
3484d8b1-c070-4050-82f3-dfa42adb6a4c.webm,1
349e4ca9-fffa-45ea-95e2-c0843f852555.webm,1
34a7b57b-6f7d-43f4-b210-0b21058f7afb.webm,1
34b77763-a4a4-4beb-aeaa-02ef8298ef31.webm,0
34bcd0cb-bbfb-4947-84c9-79a07c28a7c1.webm,1
34e4c711-fd77-4f76-babf-76437885227e.webm,1
34ed92ba-3dbd-4f66-9ded-3f6e6261b14b.ogg,0
34fa8ed4-a911-4def-9272-d26e56dd05d2.webm,1
34fd00ad-788a-433c-a0b8-b603b33a589c.webm,0
350e8396-e67e-491a-89dd-666702548d63.webm,1
35150705-3dfd-4cd0-80f6-8f9b04870c3f.webm,1
35244796-18c5-4825-ac49-90235ff885fc.webm,1
353bb06f-a51c-4646-b890-d7fd3529e0e2.webm,1
355ad6ec-33b2-45ec-a4b1-fa2e7f3cfc6e.webm,1
35618eb7-d045-42b0-8207-e6b80b58e920.webm,1
35647ec0-1566-4df0-ae5d-27b0357ece7c.webm,1
35763bb6-ae9f-4cf5-9087-8919cddaf238.webm,0
35811251-f9e5-49e9-8ee9-d4ca1afa08f8.webm,1
3585c07f-9f17-4b76-9994-0cdb4d314f84.webm,0
35a40835-dc69-4e0d-b833-6b58df25c8cc.webm,1
35cc329c-22e9-4505-bf91-8d6ef3262db4.webm,0
35ec6e33-eeeb-4734-9a52-c37a949e5443.webm,1
35ee826c-b4e1-40ae-9873-7df156071b7b.webm,0
36090427-bc31-487b-ae27-1b7105ce39ca.webm,0
362c55e4-0bb0-4295-9dc3-be1e1e7e95a4.webm,1
364bffdc-a9af-4f83-94d2-3988c0c7f678.webm,1
36535622-407d-4226-adad-48b010e8ee83.webm,0
365c7aae-f8a9-4ba0-9d06-49b3ed915c24.webm,0
366c2bfd-b91a-4d09-be09-c2fef99091eb.webm,1
3683fc1e-25c4-4ff4-a080-c10d5e6d65f7.webm,1
36a31985-3039-422f-bad1-a8b98ba1d533.webm,1
36a556ff-6813-48c7-b500-c3787c2d23c3.webm,1
36c3a6aa-f316-41d6-996a-be2d0a9a050b.webm,1
36d1c7ee-0e4f-4d25-8e0c-e38bd76143eb.webm,1
36d918eb-8f0c-4ab2-a7de-7aa27f58800c.webm,1
3714de53-8471-4b14-be82-58c918b7fb1b.webm,0
3722d824-c4bc-489d-8a8f-6bb171129e19.webm,1
372846d2-d0b1-435b-bd1c-2580506dc502.webm,1
37347587-048a-4a1c-a100-7cf820711428.webm,1
377c3a4c-b901-49c0-9337-e87560b523d4.webm,1
37aef569-5af4-4675-b562-4eff81d35627.webm,1
37d9d372-ba0d-46fe-9b71-b3088ab3ff2b.webm,1
37dac510-2e8a-47a5-b864-d229a46d72bf.webm,1
380bc7f0-d950-450c-9f5e-43c7c3f4c132.webm,1
38578eb5-eef4-4c69-9e08-cbda1065b9d0.webm,1
38a8021f-371f-439c-8fb5-37431dbeca8c.webm,1
38ac97a6-0eb0-4c52-8d1d-9697437de978.webm,1
38c2b0b6-1c3a-4b2c-a05b-0219565f4225.webm,1
38e7f072-6f3b-47b2-8b63-1e3fc2d7cb1a.webm,1
3933ed20-16d9-47b0-aaa2-9c96bde0a36c.webm,1
3938fac1-ae70-4148-90ea-59abb26459c1.webm,0
39460774-2d87-4c17-9015-5ca9d6328744.webm,0
3951f2b6-88a3-4419-a191-774fb50b918f.webm,1
3960bb7b-56e2-4cad-aa5f-8849b99b5bf5.webm,0
39791f26-0507-4862-ada4-369e28225207.webm,1
3987cfec-1d63-4362-9d51-0f98b1fa67fd.webm,1
39b73ec8-7f5c-48de-bc5c-ea4f15e26436.webm,1
39e4cc19-0db4-492a-b580-9fc4e4ab62ea.webm,1
39f05085-26dd-4d30-b7e3-13579c35404c.webm,1
39fc7508-62ba-41f5-ba87-fbb328b61101.webm,1
39fdca62-1ce2-4e54-9a6b-d4ef5aa80bc5.webm,0
3a283026-4937-4cc3-ac9e-9d9382a56d10.webm,1
3a325d6e-929d-48f4-b640-36e08fa37cf4.webm,1
3a36b31d-a87c-48af-8492-d019103b62c2.webm,1
3a3e7613-0749-40ca-bec3-fbe8070a9719.webm,1
3a464b3e-62c1-439b-b0a2-9999afa8a13a.webm,1
3a51bf1c-229b-4513-b75b-7efc442b4f75.webm,1
3a6d3a21-4c29-47a9-9146-913edb738bca.webm,1
3a9cff16-a1a5-4aed-948a-461f94ef3045.webm,1
3aac052c-4344-4350-a877-59f8a5270b02.webm,1
3ad08dbf-1d9e-4055-83fa-9a0e0bb45d34.webm,1
3ad61f08-80f1-4576-ae32-f383e46dbe53.webm,1
3af1ee7b-2411-4cb0-afb1-e49d2c9a9cad.webm,0
3b018a2b-59a9-484b-a71e-437fb96698ab.webm,0
3b1cd361-b8b0-47ae-a02a-d2b0f2d40807.webm,1
3b1db132-ba86-43e2-a35b-9638b5fce854.webm,1
3b2028a4-f2e5-4462-b618-7d5240be8af7.webm,0
3b4e25eb-d3da-4ae2-a8ed-3eed58d11167.webm,1
3b6a0157-04a2-46cd-b5a7-299595293a2d.webm,1
3b8a7440-02ad-4df4-99e2-7edb97c52c0a.webm,1
3b917045-a264-4e3c-9a70-491e49448c36.webm,1
3bc13005-f63f-4ca4-9ee7-92b40b511eb8.webm,1
3bc2b14b-0b81-40bc-b6db-6f8864ede96a.webm,1
3bd63a44-a443-4a3f-a1ec-ffc2540f7ed0.webm,1
3be5af36-9e52-465a-81a6-da1c60d350f5.webm,1
3bfb013a-ab53-491c-8981-a469dc727896.webm,0
3c0efb34-6a14-4b8f-b759-b6e8f2a3c479.webm,1
3c6cfda1-3fe9-403d-b5d1-7797420debe2.webm,1
3c903e81-9634-4d62-90f0-f09b95f382f7.webm,1
3c904df6-f716-46dd-ada4-6bef980ccc66.webm,1
3c972e12-912b-4f15-97f5-c52de2ed4f36.webm,1
3cb4dbb6-d191-4331-bcdb-eec0f100484a.ogg,1
3cd85fba-3410-4c56-81ba-ef1be7617582.webm,0
3cf93027-a70f-4cad-9a3a-a51390783da6.webm,0
3d1a50bb-5d38-459e-91a0-e57c3ac04e45.webm,1
3d74c62a-40cb-4f3f-8851-d3aae9e44b48.webm,0
3d8a71a7-e94f-425c-8b92-09aceddcd063.webm,0
3daa3dd0-e920-46a8-bca5-2a7f728998d7.webm,1
3ddb3d94-6f96-433a-89f7-6cdc278f62a9.webm,1
3df1981c-e380-40bd-ab27-4465eee42d27.webm,1
3e051a0d-5f5e-4ec6-b0e9-6a97c809cc92.webm,0
3e1be8df-6634-44ef-b0a1-a4ab499f2959.webm,0
3e231461-a679-4e96-8fcc-07480b6309c1.webm,1
3e41a46c-fe65-4403-a335-ba41ebf5fc46.webm,1
3e4f0ebc-7100-48a8-b164-4d90b8dee8db.webm,1
3e6c4fe1-b681-48d7-a576-5c4ddee41c70.ogg,1
3e80334d-1d97-4dc5-a17a-affd1f06011e.webm,1
3e831e76-b1de-4c66-aab4-1386b2b8c8a4.webm,1
3eadfa75-5906-4695-91fb-5726a24e02cd.webm,1
3eb220d3-3d77-4af3-a525-062776fdd43f.webm,1
3eb99a71-eda9-4678-a328-713893887d04.webm,1
3ecfa0a9-d972-4958-9e46-44dcf980601f.webm,1
3ef8a638-8f4c-4018-8e25-dfd817979599.webm,1
3f144fa4-5335-4726-93b8-2b4c1b2ed3f0.webm,1
3f582004-aa52-4a2b-bba8-cb76352ddf44.webm,1
3f60d2a0-aed6-45d0-b0f7-81bcf743a4e7.webm,0
3f79e920-731a-4b1c-94b2-7e02f256c9e0.webm,1
3f9a82e6-93b5-4d80-b8ae-09d36929d437.webm,1
3fbe6119-b6d0-4aeb-beb8-19d1751ce190.webm,1
3feed3e9-634e-4ff2-9a6a-79a0f86ce388.webm,1
40161478-dbde-44b9-83bc-1735d915fbf4.webm,1
40468fb3-fc81-4a5e-8cc6-e49011c1c9d5.webm,1
408817b5-bd76-496d-9997-19cd7d36c45e.webm,1
409c0b45-5adb-408b-adfd-94f7ffef6fc9.webm,1
40a32ab4-6354-44a2-86b4-0570e8d3747d.webm,1
40c8a6bc-b676-4678-8987-1db07f5923c4.webm,1
40de29df-7881-4cbf-9339-809f6a48ba39.webm,0
4122c8f7-07e5-4c74-8993-c17157bd6c1b.webm,1
41793be3-8eb0-467d-b9a2-f09f6678fc4e.webm,1
41b99768-ae1b-4038-b831-d7c7d225f369.webm,0
41bb08e9-6d43-41bc-bca2-a465f7dcf2f3.webm,1
41c95439-7a27-4f01-8aba-4a0640b4683e.webm,1
421d9f99-9d55-40e6-8d30-0d9891605994.webm,1
422a71b9-7343-4d2f-9170-8976d2dc532b.webm,1
42353727-e3af-4045-b3ff-dd49daa58050.webm,1
424784ac-85a8-4b14-8447-fce82be45f62.webm,1
424f1c61-5421-4da9-b3de-70e2d706867e.webm,1
4283550e-8fe9-4495-9b3e-11ab3020d254.webm,0
429020e9-eeab-43f6-a72b-6f19fdcdb054.webm,1
42dcff9d-b2e1-4b9e-bd93-81a0a100d232.webm,1
42ee475c-2a4b-48f0-b33e-9a5f57000770.webm,1
431c4a7e-06d9-4fed-9aca-2de718d66f29.webm,1
43298143-1004-44ef-889f-10ba9dc9d51f.webm,1
433a37a6-02c8-4ff3-b71b-67d4c9968919.webm,1
433ffd18-edab-43f6-8cc0-3745d3019cda.webm,1
434e8737-4273-4de2-8439-d85547cd96e7.webm,1
43517c5a-e8ee-49a1-9b28-c2d224300996.webm,1
43795e89-f72e-4d3e-877d-a157fb169949.webm,0
439daf49-ca13-413b-80e8-a8b6928db817.webm,1
43a03324-1389-4e23-9d44-2ee831b7e3d2.webm,1
43b3c687-017e-4097-8c79-894f2190c353.webm,1
43cfe07c-cf76-4d97-914a-b1a1ec2c9759.webm,0
43d6034a-6751-4023-9ee7-6510dd3e157d.webm,1
43d84d62-8837-479b-bcb6-30effd9ecbc3.webm,1
43df4f16-fb75-43bb-a866-5231a9243e21.webm,1
43ec41c8-e667-42e8-8018-167b6a2c9b98.webm,0
44276123-82cf-4aa0-abb6-a483c83b9852.webm,1
444d9701-cc2f-4dc7-87ff-4f6ada471c3e.webm,1
447f49c5-43e7-48a9-9a82-1afefd22725b.webm,1
4493e997-621f-4fa5-8c0d-84d6b245b75a.webm,1
44b27f52-da3d-4157-bc41-be4e87df978c.webm,1
44b5bf62-3ce0-491b-8251-2822b8b436a2.webm,1
44c16fe2-1d25-4964-b32d-61ce832599c1.webm,1
44c295f9-5176-41ce-a1e2-f94633b9b57b.webm,1
44d6d275-b422-4338-bda2-2d0cc203f72b.webm,1
44e9099f-aac3-4669-a80c-2ee40d65faef.webm,1
450dbdc0-e479-43a2-b3d2-8e51b8253649.webm,1
453a2e23-38b2-4b65-a2d8-0e89ec37c872.webm,1
45468c10-083b-4fea-9883-29a552edd30d.webm,1
45582cb7-2ec8-453a-9f5d-57d0a7710fb8.webm,1
456005c3-f550-4770-a091-befce2a7d630.webm,1
4564ccce-b037-4509-ac0b-a7c59a2a262a.webm,1
457cb363-1ac1-422c-a02c-03e99bce9c1f.webm,1
459c949d-1074-4687-a911-e1b61753643c.webm,1
45d74056-f8f3-4e25-8111-68f4960b3cfd.webm,1
460a8717-0a50-4e1f-b399-86e27cc31579.webm,1
4619f7e8-fae5-4477-971c-0568ede350a2.webm,1
4624e4da-10f1-44b0-855e-a7ac857fbc82.webm,1
46426fe2-df73-4109-81ec-e62b49d8b626.webm,1
46716e6d-870b-451e-b0fc-7641500781b2.webm,1
46a647cb-8f90-4020-affb-775bf931e775.webm,0
46c6c8ef-8b3d-42a1-b4a1-e86e6aeb1664.webm,0
46d8c156-9f6b-45bf-b2af-ea8ecb192f88.webm,1
47041a03-16e8-4a03-b343-8d5e69afcd5c.webm,1
4726cbb8-8af3-4da1-848c-5f1d9e4d8588.webm,0
47298691-1737-4d18-b301-b3526e935c1e.webm,1
4735aed3-46f9-44c5-91f0-ca772c541fff.webm,1
47566b56-c2aa-48d5-a0be-92506fc53eab.webm,1
4763797e-e24f-4af4-a449-d60bbc9079cb.webm,1
477b8b77-3b3b-4ac6-978c-d51651932c8a.webm,1
477d5eb0-f5a4-4c97-9f00-03ace4fbf876.webm,1
478090b5-f194-46a2-96be-4a0ba30ad3b0.webm,0
478adaaa-cc6a-487d-a842-a30af37aa4d0.webm,1
47ceafde-45d9-4bb6-881a-5ef866fa908d.webm,1
47edb277-7f3c-426d-8e14-a0385f3c1b77.webm,0
47eee8d8-e1ac-49a7-8059-ad702620309a.webm,1
4811b9fb-5369-478e-91ac-a6eb9a72005e.webm,1
481443c9-17a9-4194-9525-8c5fc2cd15fc.webm,1
484f767d-de6f-4b94-881b-943fd50e6f8f.webm,1
486dd43d-63a6-4ad6-8a00-2787b31c245e.webm,1
48783717-fa70-414d-ae74-f7a2d794c7c9.webm,1
48834369-72f5-4bbb-847c-5636af5a6882.webm,0
48aacddd-c0ea-43b3-9e80-5f38c43a348c.webm,0
48b287c0-5c2b-44ef-b469-3808b3b287ea.webm,1
48c58e7f-6412-4982-a9fa-c139a5485023.webm,1
48d2818d-b1ab-4f75-a9d3-5f3c6f0f55d0.webm,1
48d28621-e417-47ae-ab2b-54e659e9df04.webm,0
48f84033-8615-4805-b2a5-d84050d3951b.ogg,0
48ff5e27-832e-4450-9ea5-288a0e6967db.webm,1
49064a01-6e0f-45bd-8b1d-853438414e93.webm,1
491018d6-fe1e-4b24-9c42-70971ec93615.webm,1
49114698-8b5c-40e3-9645-b6a5223658d8.webm,0
49281918-b0c1-43c8-8cd7-6f1e440b8c6c.webm,1
4934dd77-80e0-42b9-bfc4-995b03b76450.webm,0
493632f2-537a-4a36-a932-268a8aa59486.webm,1
494f9956-42e9-4cbf-803a-796e3bff2844.webm,1
494fdf0a-fc66-4292-acc4-7a69df02405f.webm,1
4982b195-822b-4d81-8b0d-d032b6762fdc.webm,1
498d64dc-e551-4fe1-8da3-ba533134d950.ogg,1
49944a66-4aa3-4986-b3de-10efa29e13d4.webm,0
49bc7b95-fbe5-4933-886e-8752b8acf842.webm,1
49c952bf-0654-4baa-a67f-363745f146de.webm,1
49cc8b94-838b-4b23-9fb1-8d9384520634.webm,1
49f6f0db-97dc-4da4-848e-69bd536b5283.webm,1
49f7f1de-5199-4291-b906-f058a8dc74d9.webm,0
4a19eff2-8302-4aa6-9164-ae5a9d2d824f.webm,1
4a31db13-a871-43f8-88ed-f5f153e79fa2.webm,1
4a39216d-fdac-4a28-b2cc-367e39d098aa.webm,0
4a54513d-cdcf-4ea6-8139-b0f1d33d41d8.webm,1
4a7e9409-6c01-4e9b-b248-9f610dd87f11.webm,1
4a8b913e-ca59-48bd-ad45-90a555b8dc22.webm,1
4aaf6bb9-6129-4d52-b07f-7f8a736b7ae4.webm,1
4ac7d2c1-baed-47ba-83b0-27ca9b760583.webm,1
4ad7f735-eee2-41d2-b6c4-452a38b797e4.ogg,1
4afa3822-6de3-4877-b5ee-2e4e7ffb9081.webm,1
4b03a48f-c4d7-41c6-9567-678141df90e1.webm,1
4b03ff25-ce0b-47bc-b73f-d4d302a896a8.webm,0
4b22dc75-caee-40a8-84da-d3bc8f4eca69.webm,0
4b46da7b-b391-45f6-925a-9aa31eb5b58a.webm,1
4b65541f-1159-47a7-8de8-6956716edd8b.webm,0
4b89c5e2-1902-4497-af7a-1eda2630656b.webm,0
4b9df238-0be3-43bd-aac2-719cf69c853c.webm,1
4bc5287f-92ae-400e-93b2-037163281e89.webm,0
4bd6bdb8-e239-4946-b80f-f3db9d3e86ea.webm,1
4c228eb9-c543-4688-a93f-4ac0cd879b6b.webm,1
4c40ace0-7967-4090-9d2c-51248d38bdda.webm,0
4c56d691-9cda-499c-8613-59a9c5659003.webm,1
4c58cf95-9b2e-4091-adaa-0ac06a355c48.webm,0
4c71fdad-b09a-43be-b8d4-8cd3520c1aa2.webm,1
4c98548d-6e9e-4832-8b77-b7af79c9e987.webm,1
4c9ce6f7-8ca8-41b9-8e18-8cd3de335c48.webm,1
4ca22143-61f2-4f7a-a73e-6304d31a3871.webm,1
4ce2e724-6740-4a30-a743-61c2961565d7.webm,0
4ce3137f-941d-4ec5-bb2c-88d1b9fbafa3.webm,1
4ced00fc-ff57-4a83-bc12-fc5876503c6f.webm,1
4cfe71ea-00f2-4595-9903-85dd74968690.webm,1
4d230bec-1056-49ca-b274-c0825b924824.webm,1
4d35b416-d0b0-4fca-bd40-420da86ab4e2.webm,1
4d5640b5-790d-4926-8e10-3ab666331500.webm,0
4d6cdc78-b5f1-4568-bea9-ae1a49c34ee7.webm,1
4d72142f-9932-47f4-8d86-29757ea3f78d.webm,1
4dba41ae-c9c3-4bf3-a5fb-8d8d2b8809c9.webm,1
4e39ad3e-5257-4356-b854-7fb48c6cd1f0.webm,1
4e47612c-6c09-4580-a9b6-2eb6bf2ab40c.webm,1
4e8a8b2b-3437-4358-a1fc-407c04c51a0d.webm,1
4e9f4130-2954-4d29-adf5-d26768d3ead3.webm,1
4eab6d7e-32c1-4a7f-be8c-b1cbcffe2420.webm,1
4edbfad6-d683-4cb4-b3f1-11066c8e5e48.webm,1
4ee73081-f0af-4e85-b4a1-b1292ae37f28.webm,1
4eec3002-43f3-477b-bd24-bc2ba1fd920e.ogg,0
4f1abaa2-e351-4925-9a27-d2e48c288ab7.webm,0
4f468032-6c4f-438b-9f19-219859552c5d.webm,1
4f51059b-0e34-4ae8-8ea8-66630d9b147b.webm,1
4f5a4b71-46a6-42d8-aecd-7e0cc23d7d70.webm,1
4f6c6fa4-e708-4c9a-ac8a-7137a4a60093.webm,1
4f8c5fad-0bd3-4bf0-a781-3eff8685d8f8.webm,1
4f95a31d-9302-47bb-a0b6-cdd8b13c0aab.webm,1
4fa3ac8d-f252-40d6-bccd-24aa5e35556c.webm,1
4fa482c1-e2c7-402f-b383-343c18be4ccd.webm,1
4fa54167-06c6-485a-a7b5-4b3696aa1393.webm,0
4fb2ef80-dd57-4be0-afa6-866a8a5297bf.webm,1
4fbce4f8-40e6-4ca6-89d3-69c2649904fe.webm,1
4fc9a8e3-909a-4e92-9621-d5e578817f21.webm,1
4fccf60b-0beb-47bf-8e36-73f53813d924.webm,1
4fcf0262-b38d-438e-8253-c4f45d20071d.webm,1
4fe17182-53b8-4a39-b262-68eba3cbe19c.webm,0
4ff82172-fda0-453c-80f2-1cf5aaffa8f1.webm,1
4ff8d59c-1714-4de5-bdd0-15e6f5bafb6b.webm,1
506b5606-cecb-4fba-8723-c4a2bfb8b038.webm,0
508530cf-f788-49f9-9a31-943ea7fcf7b7.webm,1
50e4574d-0fa7-4fa0-977d-394644797b1b.ogg,1
5131b118-88df-4d26-90bb-85b726fe0b5a.webm,1
5132cf1f-33ea-489a-83c4-9e428f1646a7.webm,1
5188ace3-6a95-4c97-a4b5-eedff9d22f97.webm,1
51a9ade4-721c-4a75-ab33-57e68f425a42.webm,1
51e2e40b-f1cd-45ba-ad05-8219c595235c.webm,0
52047339-5625-493f-903a-e0c1950353b3.webm,0
522a43ec-3d80-43e4-97c9-c21ceb8b7a63.webm,1
522b0923-a528-47d9-8905-ececf13c65e0.webm,0
52339446-0c26-4d66-a776-9894b8bd196f.webm,1
523441aa-0d55-4878-9fe5-173d74b248d7.webm,1
5264e9e0-9d20-4a63-99c4-8dbece972a53.webm,1
5280c666-4f3e-4d7c-a283-19041fc4cb2b.webm,1
5287e036-c41e-4527-93de-c6cdbf1a8461.webm,0
52de6b02-84b4-4e74-9061-983488b4e300.webm,1
52f6838a-4033-4a71-84bb-81cbb4e64ab7.webm,1
52f91f68-31d3-46a1-bed1-844cbc58d646.ogg,1
5322ecad-3152-4fab-8f66-8552c0ebd4c2.webm,1
53325adb-0ff2-480a-8af0-fd9da2a10322.webm,1
53513dd5-62d8-4a5f-bbe8-46c95d7358a2.webm,1
539a8ff2-b70e-4d5d-9799-53bf23cf3acf.webm,0
53cc0e66-5c68-43ea-84aa-b78bda14e0b0.webm,1
53d69964-ae7d-4ccc-a297-91a9b21c772e.webm,1
5402221a-1b2a-4472-ba3e-f5cfc04f18f0.webm,1
540cc560-8943-4e98-9057-76749a70abdb.webm,1
54138a2b-3f07-44aa-bc08-f254422e32ab.webm,0
5418a808-f17d-4985-a1eb-5d1ee3647cb0.webm,1
54214c16-f159-4b4c-a2e8-b681f08523a9.webm,1
542db002-c9b8-4646-85fc-1f5b76730c1f.webm,1
545c655f-89ef-41c5-919a-11b2a09b0e49.webm,1
54a04a7f-e343-48be-aed8-0654400d6309.webm,0
54e2a783-1f2d-4de0-b526-6f2bf5aa692c.webm,0
552dda14-3fea-4473-b39a-f409eb6a08f7.webm,1
5542e025-cec0-48d8-8ac2-541975793b94.webm,1
55534e14-5e4e-4102-8bb0-2011ca1c371a.webm,1
5557f2d3-acf7-4974-a78f-a7ae2b2c43e1.webm,1
55c0a763-5f42-476e-9c72-e2924b21b2b4.webm,1
55cb1a15-6513-4602-8f59-ecdb5681248c.webm,1
55d74dca-c7b2-4788-b874-265b1047ed58.webm,0
55fad690-63b7-4d23-b94e-41dcf729b325.webm,1
56221078-55de-4f46-bf6f-232e74f2fcf5.webm,1
56225c4a-61b9-478c-a2c8-8d8d393908a0.webm,0
562c3783-d5ac-4d30-90c6-054fbc83dbff.webm,1
563a6cd6-55b0-4895-af02-87de034ae948.webm,1
563ae851-f40b-490c-99c9-1acf9c269a3c.webm,1
5683cd42-347e-4fbf-8cd5-aa60c3e5b6cc.webm,1
56da1f04-fe81-4928-a1de-0f3b9d333c12.webm,1
56db4bed-54ee-4560-b962-cbab7d552621.webm,1
56ecb826-b12c-43d9-b54b-8dedede30b0f.webm,1
56ff4794-4d52-4b89-8e9c-68ab3d8d1a48.webm,1
570acf17-56d0-423e-869f-38cc0360d5e7.webm,1
5711e007-399f-4293-bf70-32f027c17cc4.webm,1
57263117-e5ef-4d4c-b678-cec8095c7e0d.webm,1
5729ad12-0130-4b4f-8865-159fbf93018a.webm,1
5751a296-bed4-42b8-806b-829d5ec3d5f7.webm,1
5790906b-44f0-4b59-8052-1f3d7927decd.webm,1
57aa5dd7-ba09-4e2c-979b-a2c6e6a30d68.webm,1
57b04ac6-2ce0-4417-9dc0-d9ff93fd00c5.webm,1
57c25c39-f510-44e3-9ca0-0f694c81a440.webm,1
57e1df06-5e7a-451e-8ffa-6aeaeb732192.webm,1
5806ea47-6382-4268-bc3b-2be28a600e15.webm,1
5830e2bb-5a49-4ec2-9b53-9c6727e54e1a.webm,1
583240d0-4e6f-4456-8894-be5a74010add.webm,1
583b78b9-ac37-4921-9865-fd6f683ad3e9.webm,1
583bcee8-db16-4027-b767-cd74e9433cba.webm,1
5874af96-541d-443c-878d-996bd7bfa1cf.webm,1
58970bd3-2993-4762-8b21-0c5a2937c16b.webm,1
589f9a32-571c-42d3-8b4a-92ca39895658.webm,0
58a3d924-98cd-426f-9b58-cb6240b7d044.webm,1
58a9d260-53d9-4ba6-b7d4-3e7357412426.webm,1
58f32c3f-7baf-4f47-91f1-ba5edbceee24.webm,0
59119949-2e88-4103-a0be-fd24b183300a.webm,0
5911fb77-57a0-4d35-93b5-4a966574df35.webm,1
59285a69-a0c0-40fb-92ee-c4a771b292b4.webm,1
595e24dd-59e6-4494-a695-1c2d7717370f.webm,1
59868a93-765b-4ff4-a58e-f7aa9c811206.webm,1
59889b4d-6132-43f2-8ffb-1f94fe4b3873.webm,1
5998a733-5790-4918-adff-cef8e7b12a73.webm,1
59efaff8-1df6-4d68-807e-63ff8a257f22.webm,0
5a0fe430-5054-4fe4-b2da-29824128b3a4.webm,1
5a229a4b-e0ae-478c-97d5-1963cb0ac690.webm,1
5a517de2-fe21-42dd-aa3f-25d46565cab7.webm,0
5a5bb9b5-5ff2-478a-94d2-2046c24ecd0d.webm,1
5a5dccc2-ce4e-4c4e-ab49-a0dcf6f4a2d0.webm,1
5a62f40e-e685-46d5-bed0-9015bb8488c0.webm,1
5a783d35-fd85-43d7-9ae7-22db4f523269.webm,1
5aa37322-c3d3-4a00-990e-4a5ce265fbfe.webm,0
5aa4dae0-fe23-4eb2-9d62-e6016a1c9f8a.webm,1
5aa9d0aa-28d8-477c-8fd1-e59beb9823f0.webm,1
5ab08ae7-0124-4a60-a2dc-d4a0845cc55b.webm,1
5ab4d303-64be-4ea4-a65e-8681659e8e5f.webm,1
5ac1a9c3-b135-4589-95dc-cf2a222265f8.webm,0
5ac60a58-ed8d-4b77-8338-fbefe993ad6e.webm,1
5b0be374-28d0-4a16-b010-0c18a460a7d4.webm,1
5b2342d2-01f8-4ad7-bf13-217601cd3c13.webm,1
5b32c2c2-fb33-47e7-93da-86968876ce02.webm,1
5b5baa97-50c4-4c11-8a60-a2b39c34e56b.webm,1
5b5fb2f4-900a-4023-b4fd-c55b66dc065b.webm,0
5b7312df-3d0b-4a64-8884-e9072acceb41.webm,1
5bcb66a6-ed26-45fc-a0a1-c7286a01de66.webm,1
5be10c89-4c9a-495e-8671-f445f51a3fe0.webm,1
5beb35b9-3683-4b64-b4af-eaf43656904a.webm,0
5c3d8573-8193-4501-8a27-d5e2f881c7b4.webm,1
5c434e8c-d6cc-4011-b4e8-013fc8183324.webm,1
5c4b21f1-e8d1-4133-9f78-76b3ef3c5f18.webm,0
5c4d833f-64ac-4ec0-82d9-3327020c870f.webm,1
5c5888da-63a8-4357-acad-3b371173db46.webm,1
5c5a7244-a43c-4abf-bfe5-7f836f8ba269.webm,1
5c7dd012-e466-4862-95ab-7e3fb545a291.webm,1
5c8604ef-6403-454a-b8ec-0151a37d6ef6.webm,1
5cc60202-8998-426d-8e01-e05fc091f7ed.webm,1
5cca343b-e880-48df-bc1d-3cbf130debb8.webm,1
5d1fff93-65cd-49dd-b9d4-3303e350b546.webm,1
5d29532f-943b-4726-aca8-21191eeba327.webm,0
5d4cb7a7-b4e4-4eed-828d-e5c46829da09.webm,1
5d5c5271-5a75-49ed-99fb-dc62d85071ff.webm,1
5d61957f-6865-4e0a-b666-03a928f39e92.webm,1
5d7f356e-f0bf-4cee-896d-9341e81ddaaf.webm,1
5d870e5c-eb77-46f0-91ef-dff99fd810f5.webm,0
5db9f54b-8f92-4a15-bc2e-862dcd6d375b.webm,1
5dc33ac1-3794-41d3-88b1-d958ff71c6c0.webm,0
5e0b6e89-d9b6-4cca-984d-cdcae3fdd4c0.webm,1
5e232ea7-d639-4ec9-99b2-1829528cdf1c.webm,1
5e26c5da-ab49-4df1-ba6f-eb9550877934.webm,1
5e282c62-6186-4dda-a15b-52b8b59a3b8e.webm,1
5e2dd52b-f9f1-4647-ac69-858dcb6f7611.webm,1
5e5bbcfe-9901-4fd8-9be7-d51ea7251cbe.webm,1
5e6d9fe2-f660-49d8-8258-96fc6518187d.webm,1
5ef9fa57-cf7d-4964-a001-05fd72063add.webm,1
5f0a1915-2cd5-41fb-9887-e17ab27b515e.webm,1
5f5f4027-45d4-4867-a9e2-ecc500eaf21d.webm,1
5fb358c3-76bc-4adc-93ac-02f367e38739.webm,0
5fbcf608-a608-4cb1-8e3a-e51a82eb31aa.webm,0
5fdfbf5f-b4db-42ad-8971-275b616bcc72.webm,1
5fe2cece-1061-4f53-b4ac-64a07efc6ba1.webm,1
60073131-6385-401b-b181-51d05dd44090.webm,1
600f5af7-1fc6-4e3f-9046-76dc782cfca8.webm,1
6034baa0-0bb8-4c7e-8699-f4a99b5d728f.webm,1
6088ee03-f819-40a2-bf26-29058e301ddd.webm,1
60ab1646-c540-4179-ae54-ca83767edff1.webm,1
60c3afcc-fe9b-4d91-b713-0ab357d5c825.webm,1
60c8c3f3-7a5f-4fdb-be90-335b3c078f08.webm,1
611e6287-ba3d-4300-837c-76f185566428.webm,1
6157e4c8-3da4-4811-9b4e-3a88c55f6401.webm,0
616464a2-ee80-48e0-a96b-cd4464445162.webm,1
61716d56-8676-4234-8cbc-c2ea724c1405.webm,1
617658ed-22f1-4286-9da8-ae3410da15ed.webm,1
618fc43a-4d9d-4dad-8b68-2714b584ccc4.webm,1
61924ecf-e529-41de-b3a8-626bc58e044d.webm,1
61b720cf-41aa-468f-8696-9da98c4b9b2a.webm,0
61ca0d5f-b27e-43fa-85d9-1fb58d2d1746.webm,1
61f98ca8-54c9-4a7f-90f3-82c1c34ca600.webm,0
6208a0be-52ea-4c3b-8e97-582f4697719e.webm,1
6208f70a-1cd0-4428-a68e-b3db1bc8abf7.webm,1
620ded24-220f-4ada-b032-2b5c170b279a.webm,1
623ffc46-b297-4614-a11c-a6e52859b04a.webm,1
6273e21b-563c-46dd-8cd0-ad353463cbbb.webm,0
62a60e4e-eab7-4574-9f04-c6a3cbfdc6f4.webm,1
62b3a308-0d2b-428c-954c-60fb4a3315a1.webm,1
62de2524-c400-459b-98a2-746e0ed84eb2.webm,1
62f896df-c2cb-4943-86a6-428297ce67be.webm,1
6308a83f-58f0-4cd8-be25-5c75b8883126.webm,1
6308bd06-1617-4524-8fc3-b388c2d52499.webm,1
6352a786-97a0-4d0a-9dcd-5c68c8effb9b.webm,1
636c468c-d6db-4a7d-8e0e-31c7f68baa49.webm,1
637d6498-1d52-4860-9976-5a7a94f2a0c3.webm,1
63966209-4f8e-49a3-b634-d77b53ca9111.webm,1
639c0947-16a5-421a-af60-96ddfa896024.webm,1
639c6225-edd2-4f9c-8c7f-5fedd57ef73f.webm,1
63acc1aa-2087-4c46-b0a8-56d38a3b1b10.webm,1
63c4aef9-7e1e-4761-b8df-0b072ecdfc57.webm,1
63f4e572-e693-4265-8b77-07f552fc63e9.webm,1
63f67eee-4a31-438a-86e8-96cb3760355c.webm,1
640002f6-5ed7-4113-a595-ac896c6ac9c2.webm,1
641a25a8-413c-4a45-b74f-a46edc276724.webm,1
64522664-f2f7-4141-9b74-ba0b9d181c31.webm,1
64543497-41c9-4975-b3c5-b81632467cc4.webm,1
64565fdb-05f4-4ee8-abe3-13b2a6bde887.webm,1
6462d540-48bc-410b-b08e-cdf0b45ee118.webm,1
647da923-9dfe-4527-9ec6-473b8fb791ca.webm,0
648dd792-f890-4fd9-b097-cb491c776350.webm,1
64c52b39-ae24-4423-bb47-81772a444bfe.webm,1
64d7d0e6-715c-4fd2-a0e8-334122b61ff2.webm,1
64da4ad6-4280-49a1-bd37-e35efd7837c6.webm,0
64e18a41-9952-48cf-a467-5fa62c01f23b.webm,0
64e5b75c-8c2d-4640-920b-734c7e126616.webm,1
64e6a399-4aff-4758-a7a1-68f5460bd320.webm,1
64ff0a57-3000-465e-b47c-82f326b28368.webm,1
65023fb3-4e70-4710-8953-da50bd760ed5.webm,0
651341cb-6be7-4981-b3e0-a454dee3af64.webm,1
65377101-a88f-4eac-a971-03121f14bab2.webm,1
658daf16-7fc3-4640-911e-81dac60a2df9.webm,0
65ba1f8c-b528-425e-b55f-2e132638fa39.webm,1
65be7822-e7c7-4fdc-9549-bf3fac30f919.ogg,1
65e99746-4a0c-4496-8cb0-e234ed1fa93b.webm,1
65f8a73e-9cf4-480f-8f4f-c31e67753ea7.webm,1
6604cf63-454a-4b13-9fc9-95eb74566e8e.webm,1
660afa71-ac8d-4824-b751-3d23f4dc0013.webm,1
660f52df-42dc-49e9-ac87-473c6db99d17.webm,1
662f6819-1c22-4b25-bd91-d579bb141d49.webm,1
662fb840-9285-4fed-a114-633a324dc49f.webm,1
664582dd-dbb1-4765-804b-79144ae16d53.webm,0
6647b629-2246-48c9-83ad-c3ad4795c891.webm,1
6648cb81-abf5-476b-81e2-0abe5be299e4.webm,1
664efc01-b7d3-4dfd-a1c8-dbbcba0780ce.webm,1
66636b7b-3e0e-4613-9f1f-4ec16fb313c3.webm,1
668b7922-c4e5-4045-8bca-7543faa5ed32.webm,1
66bd4211-2034-4cde-82ad-59aeff6e7eb8.webm,1
66d2a9e1-d87a-4488-9d60-55583d6fb419.webm,1
67090bb0-377e-492c-9c49-8a608f50345d.webm,1
671d5452-c6a5-456b-aac5-48ef5278f773.webm,0
67642e42-eb6f-4161-8644-4ed4ea45f936.webm,0
6793221c-3716-4cbb-9eb0-58afe524e8b8.webm,1
679aee31-372e-4f61-9273-050de81b2b4c.webm,1
67b0eab5-c09a-406b-9d1f-17562da9a7dd.webm,1
67b68c39-caf5-46b1-b8da-7f2fd9068a5a.webm,1
6811fc15-6ffc-4623-85aa-bf477c4d0082.webm,1
6816fa8c-2bd4-4be4-bbb0-d18a397f99e5.webm,0
684c1be1-e790-4f4f-a84a-ab7834310c5b.webm,1
6864ecfc-c540-4e0d-a9cb-933dd9b77e05.webm,0
6868da77-a36a-4fb4-afa5-aba26bd2bbd5.webm,1
68b4ed26-ca37-4c15-befc-58dd6ca637ea.webm,1
68be5313-193c-42ca-acdc-f6f93c9c1126.webm,0
68c747d5-f364-4ec2-b696-176bdf6066d3.webm,1
68ce6385-d861-42f4-bb68-8f4ba99c10f6.webm,1
68d5215b-afdb-4b7a-81d3-fbd5677de7b4.webm,0
690b9a1e-07e0-4be0-9c50-aa9657ed4b13.webm,1
69101dc9-dfd5-43b5-b063-54a2e634e021.webm,1
69317fad-cc19-43fe-8537-782fc415ee7c.webm,1
69443da8-7868-4020-8eb6-af768b893a21.webm,1
695ad34d-f9e1-40c6-b430-fbf3fe6f2517.webm,0
695c085f-a11f-4180-9c9d-7cec980fced9.webm,0
6978f6b4-6485-46c2-90a3-70cf5b944868.webm,1
697d000f-b7ab-4bb8-bee7-2c9983976300.webm,1
69917144-a7de-4389-923c-443396f54721.webm,1
69e7b5c5-0469-42dd-b68f-9a7f7637425b.webm,1
69ead058-d357-437f-bcbd-ca74a8cf29d8.webm,1
6a2505b9-61a4-4fd3-81ee-c63140ab2b5e.webm,0
6a4726f8-f69e-423c-86be-f8d0c4975d4f.webm,1
6a530462-0db4-46f5-95c9-115db1ec1cb5.webm,0
6a577002-17a0-44a5-87bf-14ba2a225616.webm,1
6a82850b-69e7-4acb-8723-41e947270802.webm,0
6aa04a12-6e9a-4b9c-80da-a9fa01fc1757.webm,1
6ac1cde9-7727-49d2-848c-983e2e541845.webm,1
6ad6d999-71c0-409b-970e-03aee3078306.webm,1
6ae99e6f-623c-45e5-aa98-cf00914f1974.webm,1
6afffb59-71d0-4a4c-b575-cde463c0a24a.webm,0
6b265018-98b7-4e61-934a-74b2b0bebce9.webm,0
6ba62302-b54e-47dc-8a22-eab0bb0411c2.webm,1
6c74e198-c3e9-49bf-b062-b6de947e6451.webm,1
6c7893ac-4ca9-47af-8a91-fd0926dd7f39.webm,1
6c9a5f33-9e90-4c08-8782-20b0d86abc46.webm,1
6cbc0d07-c436-48c5-a13f-e1c0e9334550.webm,1
6cc200db-e499-4074-906e-8c335c298fcd.webm,1
6cd0a8d6-8e94-4ff2-8ad6-ed18ae2b207c.webm,1
6ce9c771-2d64-4e26-9fe1-e0950221b59d.webm,1
6d194cdc-ba5a-40ba-8232-5bf150026c67.webm,0
6d25354c-712b-4d24-831a-e99a95dd597b.webm,1
6d2c407f-d8ea-4de1-bb74-c2b035bb006f.webm,1
6d45e866-26cd-4c90-b538-8e3d74639f93.webm,1
6d485342-6c82-4d58-8a54-d8777ceeca9b.webm,0
6d528de2-cf20-4caa-a22e-ffc588c0bacb.webm,1
6d73708f-f815-410f-b6a1-76cec2a7754c.webm,0
6d8729b7-cc9b-4ae3-a3ee-99a5a909e32f.webm,0
6d8fcfb2-7aff-4143-a319-99d568035655.webm,1
6d941efe-43f9-4a64-8172-58cbb20400ab.webm,0
6d9ea08f-896a-4320-92ec-4eb20c59a18c.webm,0
6dd2d1e3-e140-489f-905f-007a7f54321c.webm,1
6dfae390-f7b5-467c-9600-3f13c33f0988.webm,1
6dff10f3-5df0-4b5a-be62-613afd6115dc.webm,1
6e29a18f-97b6-4304-872a-9226eeb3340a.webm,0
6e348474-0779-49fa-afdf-49420f8ad6b2.webm,0
6e3510f8-1fb9-4bd7-b316-adddd9b5fd67.webm,1
6e777752-cb40-47dd-ae97-50bc73da4550.webm,1
6eb6b7fd-e445-4230-af3c-b530d364cee1.webm,0
6ec47745-dc4f-4c8b-8c7e-771e5cd47c33.webm,0
6ecde34e-2767-47b0-aef3-2828d4b181c7.webm,1
6f0a2344-8d8b-4db5-b4c3-cf569ca4f7b9.webm,1
6f2e1f59-6d57-499a-8c26-978d80255271.webm,1
6f2e82d2-a307-43d7-b3a9-b50cb1a04d9e.webm,1
6f5e643c-437e-4c63-9092-39c7ea186334.webm,1
6f8af1b2-641b-43db-95d5-7f765b36e840.webm,0
6fbee7bd-2530-404b-80e2-bb2d1317d7c5.webm,1
6fc243bf-14f0-42ab-97e3-f1fe3fdfe3ce.webm,1
6fe0c2e7-872a-48a5-bb77-5900389c5eb4.webm,1
6fe32e9d-c238-4cec-bc0d-215300d55bef.webm,1
70049bd1-5f1b-42fe-8d8e-2ebf384cfca3.webm,1
70199b46-18c6-42f7-8a56-ceaa854a6acf.webm,1
70450999-745c-43ec-b117-3eefa1b10476.webm,0
705e111b-1e41-4831-97e2-7990771c9fe4.webm,0
706b1acc-0e61-499e-abb1-43de015eef46.webm,1
7078c585-556f-4e63-8e4f-f82519cf70c1.webm,1
707d9dbf-1621-4eac-a157-1393de750d7b.webm,1
70b6cbf4-70cd-4f35-874e-9125a59aa0f3.webm,0
70bd76c5-bfc6-4a4d-9942-47588699c714.webm,1
70dbb19c-8c7a-45d4-9d2a-cd2272cc7ccb.webm,1
70ea204c-0ac3-494c-a998-ac38df39b2ac.webm,1
70ea9638-f7e3-4f16-bb97-7d066a0e6cdf.webm,1
7117304a-e59b-42c9-bea9-3c6f17b0d30e.webm,1
71b26116-62cd-46ca-89a4-0642e0f2bc52.ogg,1
71c1c347-8d5d-434b-ab15-3f0a73d2caf7.webm,1
71d4e0e2-99b1-49bc-990f-1f7b4b5de826.webm,1
71e56426-e99f-4c1a-b39a-55d7c687704c.webm,1
720409ca-6b1e-4237-9fb8-14e8ddfdcb37.webm,1
72124975-ff71-4379-8f71-f6f8337b3fa7.webm,1
7240dc44-c2c7-4a09-bb78-e4297d1462ba.webm,1
72418df9-2a0a-4da5-922d-7a1d5d12ab80.webm,1
7248b4b4-faa6-45bd-9136-3391604fd792.webm,0
724ff070-52ab-48e8-8e85-f6431a9d2869.webm,1
727349f2-4730-45f6-99fe-8cf1ae1f2004.webm,1
727d5520-8fc9-4c41-b112-d6f0c3ab987b.webm,1
729d23d1-9abd-44df-8b05-22217b1ffbdf.webm,1
729e2ce6-c683-4509-9f15-cb1468d37f89.webm,0
72ab770e-a11d-4f98-8e94-7027f3f7a0ab.webm,0
72af1dd5-618e-47f2-a11f-f3a61d9b396f.webm,1
72b95c95-1a95-437c-9d52-86b53461b304.webm,1
72bf1cb5-9f60-40db-9666-470d6d02f02c.webm,1
72cccce3-a019-4b87-a062-d4268588a49c.webm,1
72dd3a5a-622a-4f94-aa17-b8142e82a944.webm,0
72eb0edc-42e6-40b5-b788-39d8dae7f353.webm,0
731cbe07-5754-46cf-bb5c-873a670cd5d7.webm,1
7330dd4d-3edf-43b4-a703-4d077c573fe9.webm,1
7336b77f-6873-4e2c-837d-2ef925a3d33e.webm,1
733b0db4-aec3-4afa-a7fc-7e29e0c9403c.webm,1
7376afac-2a76-408c-9bee-7b7ed2555692.webm,1
73786652-bf01-4a78-8e04-7c44a77d5108.webm,1
7386f75d-b7ab-41d5-a5ab-4761935213ad.webm,1
738dc3d2-0455-4638-9193-21be56a7a964.webm,0
73fc1cdd-e291-46f7-9353-4a7b93cd08de.webm,1
74048b34-b37a-46c1-bd4c-ccd169c37784.webm,0
7410d015-7e98-40f9-9659-5f88559a2412.webm,0
74536842-b3dc-4f8f-b232-0333419d7ca2.webm,1
7465377a-8963-4a0e-bd1b-92a8924b1ccb.webm,1
746aded4-a8b9-485a-a7ea-c1d7fb7f8188.webm,0
748142b3-0e0b-4975-b795-78267dbe4547.webm,1
749fdead-a02e-44f2-8782-d473c104a141.ogg,0
74b28f9a-9877-42a4-9a47-da9098e36cb4.webm,0
74c47154-dc42-4f14-8285-b5a507ef9463.webm,0
74d33247-658a-45ea-a641-5b736ee5498f.webm,1
75135933-89b0-4d43-9d75-688453353f56.webm,1
751c4649-2d74-46f1-a873-b0d40946e145.webm,1
752cd126-1698-4d9d-9649-a1177196d769.webm,1
756d7aa4-e12a-4eb3-b119-2b8a7db0abb6.webm,1
75944196-10b2-4104-bf1c-501a15d3e258.webm,1
75be8a70-37fd-42ea-8daf-9ee78d1018a1.webm,1
75beb147-887b-407b-bdb0-e1eeb4de98ba.webm,1
760194db-a651-4a06-b7b8-bffd126364cf.webm,1
76095239-daab-4439-84fe-8f869f743eff.webm,0
760cb050-4175-4498-817d-a9976e359c52.webm,1
76140f83-58bc-4b6f-927d-a0009cda9580.webm,1
76183e29-22c1-4d51-aafa-6b96e93b3aa2.webm,1
7630638c-1d22-4852-be07-5a27af3c1e49.webm,0
76312f74-2d0f-4739-96e9-f33369076b94.webm,1
763abc17-c8f2-4e61-899e-4882f2b4e00e.webm,1
764d2729-f572-490a-8f22-1397e2e19906.webm,1
76521f70-dec6-4d64-8378-a0dbb1f5c724.webm,0
7667763a-3a74-4a29-b5f3-67b626922e05.webm,1
76682a59-1c14-44e8-93b9-f9f5f774e897.webm,1
7668e116-b279-4ee0-90f6-dff5be2df938.webm,0
7672fa5b-277c-40e4-98e7-bca978acfe9e.webm,1
76779311-1f9c-40b5-845d-bde19b0d9c0e.webm,1
76a03d41-09de-4d00-b1e6-0cedf0b3dbda.webm,1
76f0dea9-2043-4984-b515-7a0d03d31035.webm,1
76f9d2cf-0ee1-4c38-9f49-02e59b8d6fb3.webm,1
7717442d-d687-4821-a55f-a89b524ff17b.webm,0
7734d174-29f5-4612-8fc7-745b88796433.webm,0
774bafb8-5d1c-42c5-a0a8-91ba0a85a04b.webm,0
778c38b9-431e-467c-85b0-468e79deacd8.ogg,1
77b10e13-74b7-435c-ab67-854ad713af63.webm,1
77f44d08-0f8a-47e1-97ca-7f791704a951.webm,1
77f4b676-9d1f-49d4-b694-49f2edb225bd.webm,1
7829cf00-5aeb-41c5-9f0d-6143ab9da674.webm,1
78500f29-e9c1-4abf-ad29-fb279bf359f7.webm,1
78637ec8-6570-4b6a-b8fd-a1610022c413.webm,1
7869b66e-5c53-42b8-8741-8e7398f78137.webm,0
7872c598-46e9-4bc5-804b-47c71b4be1ac.webm,0
7876c549-066a-4ea1-a82e-45772114f964.webm,1
789d0ab0-077a-4da9-8f51-b964fbe4a2a4.webm,1
78bad8e5-5c35-4c29-816a-34c44296fdd8.webm,1
78bba857-d1c8-4a56-86d5-650911bad154.webm,1
78c1fbe5-0d8a-4747-b238-bdb66e3fceb2.webm,1
78e927fd-986d-42a0-9361-95ac0b7e6d43.webm,1
78f09849-4d67-4a69-906b-c6dd5cb22892.webm,1
79221f97-e57f-476c-a8b1-57c65ff4e01c.webm,1
796748e0-b012-44f0-9725-dea2bf495f2f.webm,1
7981abda-eba4-4508-925d-596aa1da5497.webm,0
7986b4b7-f812-4dd3-a595-2a2ed9130dd0.webm,0
79a12ab8-7497-4a70-871f-5486c6699f45.webm,0
79b593db-1bf2-4be4-99f0-3a7725a0d712.webm,1
79e8672c-fcd7-49ad-bbd7-1ad4a50d07e6.webm,1
7a372c4a-1043-43b1-a03c-f2296dfd6b68.webm,1
7a92755e-90c8-4491-a7ec-36b3d9a74ceb.webm,1
7a94b3ae-2fd8-48f3-b15d-34c157c21e8f.webm,1
7a963229-e38d-49b0-b5af-15d1721667ca.webm,1
7a985f89-ed5d-41e2-9f5d-8d8982508665.webm,0
7ad010ba-c400-43bc-b5c6-6d5df815d1f7.webm,0
7ad89fd2-56cb-43cd-84ea-4d3eb7b30e00.webm,0
7ae1ffe1-2259-411f-8ead-6c107e01e824.webm,1
7b3f90c2-9236-4bdc-abf9-375698074f5e.webm,1
7b423206-e57c-463b-a43b-c82cdb055f26.webm,0
7b4e2b37-d42a-4184-a06a-d824c89fe264.webm,1
7b5698cb-b713-4f6d-bb5f-6142b6f509a3.webm,0
7b7e11b1-0f2b-4531-b071-54b7889c4771.webm,0
7b7f6998-7f52-475f-8bbd-e76d80eafd91.ogg,1
7b962d6a-50fa-48ef-80f0-9d8b23747e90.webm,1
7bc3c521-b422-45dd-bafc-0282abe03030.webm,1
7bcb0830-15ab-4bbb-9dc4-2f49bd4f2160.ogg,1
7bd5996c-f98d-46bc-be93-ca6e1139d838.webm,1
7bff1a51-ef9b-461d-9d5f-4538d74b0fd9.webm,1
7c0c7e95-4a6b-4d75-b46c-6cb8cf280094.webm,1
7c1b43d9-49f7-41ee-a347-2971c161ac7a.webm,1
7c3d2282-27b3-4840-9fa5-56f6fe58f9d8.webm,0
7c3d9217-c501-4628-bd25-808b65d612b1.webm,1
7c48edd6-5800-4899-8f0a-c458c1b39e68.webm,1
7cb4843e-bdf2-4dbc-9956-bf2464cb6c7d.webm,1
7cbcf53f-fa99-44a6-b8de-c37347db8f46.webm,0
7cd1efb7-e973-492d-8a2c-e00a42ef0d78.webm,0
7d0f7c10-c2fb-4a0b-8917-00c1bbfa9ba9.webm,1
7d12bc5b-4a07-4118-9f2d-15791f4354b1.webm,0
7d2e208f-4b40-43c8-8f85-e05f9671db2c.webm,1
7d4263a0-687a-4a88-a377-9c1dfd548377.webm,0
7dc52a58-ffa9-450c-b557-99386ae99915.webm,1
7dc5b3de-2746-46b1-80c4-a73288f37773.webm,1
7de30485-428f-402e-8402-54747fd97420.webm,1
7de571a5-bae3-4bd6-ac45-b2232e92744c.webm,1
7e2f4bb0-a4a1-4e62-a26f-f4174ab4954b.webm,0
7e307ff5-00ca-4f25-bd20-1c1d2d3b9b47.webm,1
7e3d9f84-ec39-4775-919b-fdab4aaac541.webm,0
7e4cf3ef-9c9a-43ff-8e0e-527eddeff067.webm,1
7e4d25bb-043f-4314-81ce-c0108df735a1.webm,1
7e5e71f2-c060-4f4c-9d80-1524981eadc5.webm,1
7e782166-6aa4-451c-9b01-afc57c43c3a1.webm,1
7e7dc35c-f4a3-4988-a5af-4b9cf730aa4f.webm,1
7e8bfabe-ab2f-4509-abcd-d34e033eed3d.webm,1
7ea60289-23f5-4a44-a581-cdfcee186f4f.webm,1
7ea8e1c6-d853-4f83-92de-92877e833256.webm,1
7eac138a-818b-49d3-8ff8-2facdb910b71.webm,1
7eb443fd-ec2a-49e4-b388-8c5dc87cbdcb.webm,0
7ec311f3-c48a-4b46-81dd-de4ffca3610c.webm,1
7edbd2b6-bced-4f68-ae00-e5c2ccb59ae2.webm,1
7f092bc1-06f2-43d5-b943-8bb4ec8a7661.webm,1
7f1f564a-55eb-4357-b411-e0bf9818e56c.webm,1
7f58cd54-3414-4b3d-a418-8438d549df31.webm,1
7f64a4ba-035c-41e1-a7d0-34f60d160648.webm,1
7f6db48d-de3f-4a30-bd9a-5216b0b3261b.webm,1
7f796fc4-89d2-4858-8994-3c2cc72097b6.webm,1
7f8e60f4-5cbd-4ec6-bc73-e8ab2b6c3abd.webm,1
7fc329ed-814a-44da-823c-ec2dc47a8228.webm,1
7fe58bc1-6f08-4eee-801c-0c8bf9287fd5.webm,1
7fe5ab80-77f1-4777-b5b2-7c239608f6b5.webm,0
7ff46c27-d502-4898-be9d-24f01982825b.webm,1
7ffea3f0-64d3-46aa-9e2c-fd403288a325.webm,1
80064664-c851-465f-b741-ed78ea1c4469.webm,1
80411c72-2727-40a3-a781-0d71f1bb717d.webm,1
805d5c82-a503-44a6-b69d-41532ebb859c.webm,1
806bb50e-7474-43ce-8bf7-384b2cc674c5.webm,0
80a05566-ac42-4c5c-82a5-4e21cb3ed772.webm,0
80b89e0e-8ae8-4c2a-9f7d-29f85e539ca3.webm,1
80cb70ea-369c-44aa-b304-b72b5fe3d07b.webm,1
80ef7fb3-fa42-4539-8109-bac59586b80d.webm,0
811d96a7-e63f-4a8e-afc8-d8cef7bec7aa.webm,1
81346647-f314-464a-8476-d6f581a1f829.webm,1
814a5c9e-6174-4efa-a378-a990ac566ae2.webm,1
818197ee-acaf-48e1-8776-1c70942a4ced.webm,1
81a75de7-dc30-4c6b-9722-c238feebf447.webm,0
81ddff28-05de-4669-bb99-8408895de7ab.webm,1
81fb6f2b-8d5f-4563-ae2c-f0995c740757.webm,0
821f8448-26e5-4f74-acbf-e5d5058eaa93.webm,1
824a8cf9-1199-48bf-aad5-65539d6d2011.webm,1
825a5905-8828-4298-93a8-112be9925579.webm,0
8265cc92-ef3e-43ff-83cb-dd741b5e35b2.webm,1
826697aa-c314-45d2-9a09-b726571ca407.webm,1
8270deab-fef1-4ab0-879c-986175fb5ce9.webm,1
82879368-f357-4032-b87a-5268db64e247.webm,1
828eed9c-2fc6-4f2f-a3f5-62da4bcb1168.webm,1
82a7bdf0-56fb-426c-9dc6-7811ee82ece2.webm,1
83443b73-5740-4b3e-85ba-77e372fea63d.webm,1
836a340f-3e5c-4ea7-8817-1586d27a7f7a.webm,1
8395f784-e828-4c74-a856-e49cdb1074ef.webm,1
8396e93f-96ff-4fa3-8ef9-41c4d0ee191e.webm,0
839ad7ed-cc68-4689-b29e-7c8af17d3067.webm,1
83c90c0f-3d84-4b60-b422-2b64630d9f7d.webm,1
83d26908-f355-426a-b5dc-92dee890482d.webm,1
83d4dbc2-6fc6-4644-8c9c-d00f8396bad4.webm,1
83e76c73-4e06-4e49-ae0d-354e2974745f.webm,0
83f5d563-5e0c-4f09-b967-d66ade3ad885.webm,1
8469a131-4174-4d7b-b588-00c9c0f91a28.webm,1
8475da17-5c32-415c-ba77-6dfad5ee5f9b.webm,1
84d8364a-bce5-4e2d-89ca-af05d62b4709.webm,1
851d3141-589e-4a63-a81f-837b85585ee7.webm,1
85607561-0a13-45e2-a4fc-9f42a2851d55.webm,1
8564dea9-0622-45ea-abb7-26113c9a6eeb.webm,1
8588cbcb-a7c2-47fe-bedf-734de9d855c8.webm,1
85950027-a5fd-4cd4-ad38-46202aa61172.webm,1
85dc97de-cb3a-4107-bbc2-5ea33c3c5f38.webm,1
85eef4ec-c8e8-4635-a6c3-2d194057f7f2.webm,1
86154e17-8089-4f5a-9dfb-427f4e5a9583.webm,0
861d08d1-8b10-40e3-afa0-710451936f11.webm,1
863527af-d101-4596-8825-428394f0d6c2.webm,1
864b3b33-c30b-4215-a6ad-66be69c07197.webm,1
865de1b2-0bdf-4b5a-92d1-1730568bd11e.webm,0
8673fbc5-4890-4f3f-807a-b3d3d95c11d7.webm,1
8685af7a-1542-4e7c-beec-9bff016d5945.webm,1
868d1ace-2365-4f81-bc7e-0fbe8214f5d7.webm,1
86bd5780-9af3-4e33-86ba-c0105ecd408e.webm,1
87abbea8-6765-4487-b95b-0eae7ef46271.webm,0
87afcc54-2b3c-45c1-a4c7-2e68a8e30280.webm,1
87b75a83-e9f6-4d33-bfb8-fa80dc6fc5b1.webm,1
87c60871-f7f6-48cb-94b0-c22b2158d49f.webm,1
87cd6f31-1776-4344-a010-59e39c392968.webm,1
87ce9e3e-a222-4a51-87c0-c109cd79fd58.webm,0
87f52d87-03d1-469b-b8fb-247da4504f90.webm,0
88024607-e701-4a54-adeb-c4c1ecc282f4.webm,1
880d7516-b583-45c9-9012-949148905250.webm,1
8815d555-76ba-4803-b536-22df34e872dc.webm,1
881d892d-f3a9-4409-82d3-1f43c7ce5047.webm,1
88498dd4-82ce-4430-9f7d-ca005a7c989e.webm,1
885278b4-30ed-4dd7-a813-f0e2706a12ba.webm,1
88571a5b-7d25-4373-86f8-f784dbceabec.webm,1
885b7762-bc4a-429e-8f19-bf62558a935b.webm,0
885be513-5ce0-4d87-83de-b7002772e335.webm,1
8863f114-dc1d-4881-872b-31d71512f412.webm,1
8868771f-51f8-48b9-a094-6a03c77d19ee.webm,1
8869d102-7b50-4b19-a27a-08b38169ddf3.webm,0
888f0bc9-1781-494d-9076-a977bc8ae3e1.webm,0
88a9b00f-205e-4fbc-9cda-1793f2c7600b.webm,1
88bad32c-a9b8-427d-abb9-a9b14202805a.webm,1
88bec0f2-8dbd-44d5-a6c2-de1cf0646737.webm,1
88df2ab1-8056-48de-a7a8-f2649d9cab4a.webm,0
88eed7b2-404d-4a3e-b18d-4eae00669b78.webm,1
88f6aa4d-d9e3-4d51-b803-5736e92762e4.webm,1
8905d5ea-2412-4222-93f8-95cd4455f8e4.webm,1
892ba9c4-bc94-49b2-97ce-01fa057a5386.webm,0
89385120-2b52-4c61-9e36-05e5b032a8ce.ogg,1
8956ab9c-a0ca-4f2e-ae00-1f5d0065d50b.webm,1
8960f83e-bc0f-48f9-b913-a905b11378d8.webm,1
8985c68f-0fd3-40af-957c-84971d883380.webm,0
89a9d33a-38ac-4927-914b-79d448519c72.webm,1
89bad459-b4f0-48ab-9907-28fe8f895800.webm,1
89bb7d99-45fd-4199-90d1-ac000fa68a65.webm,0
89c97828-25b3-4957-8f2c-8da426e68d74.webm,1
89f15213-3f58-4137-8482-4b7bee95be6e.webm,1
8a3058b7-c1ec-43d8-ae17-f1c72da07a21.webm,0
8a37026e-32a9-4505-85f9-3c9dabccc284.webm,1
8a4486c3-9d2f-47cf-82ec-998b7f59e8f2.webm,1
8a529f53-b0c3-422b-984b-c536bb64e889.webm,0
8a5dae66-811b-4e5a-9f05-8577356248b5.webm,1
8a5feabb-3b0a-49b5-900c-6d3d31e96794.webm,1
8aa95c58-4f0f-4df6-89a2-4b3b5d7841bb.webm,1
8ac2ef46-05fb-4f68-bb2d-ca5b1e51ed7f.webm,1
8ada36ff-a9fb-4623-a97c-cab077d4bf99.ogg,1
8b04c1fa-4fbe-45f3-9b4a-5cc6a450c43c.webm,0
8b0c699b-dca8-4ed0-bf4b-319774d31c54.webm,1
8b197bc0-2f11-4971-b643-1524cf030a2b.webm,1
8b3833c0-37b8-4710-a359-de77fc137487.webm,0
8b427718-43ee-418f-b8f1-6807b3d6ed0e.webm,1
8b50115d-5e51-4fa0-9521-f6ecc0b6527d.webm,1
8b531001-ce1f-4bda-824a-96feae72f770.webm,0
8b59b5d8-78bc-4654-b0ed-895480d38449.webm,1
8b65a198-2b0f-452c-ac15-47d892676fc3.ogg,1
8b66adaa-ff22-45f1-b74e-9719c0d544f9.webm,0
8b733837-961a-4f17-a18c-13b89b54ef69.webm,1
8b745d24-d7df-48b1-bb89-f8a2a8886455.webm,1
8b8c5abd-23e2-414c-8ffc-2246bc508f19.webm,0
8b96d238-8053-4b15-86b6-a31f448dda73.webm,1
8b96fd41-6fed-4862-a308-f8dc676ad101.webm,1
8bb8315c-9afe-4205-911f-222c912f980e.webm,0
8be589c2-c09a-442d-a0a0-50094a73f0d5.webm,0
8c48edec-8c1f-4e36-b8a4-10576bf6f301.webm,1
8c509a42-be60-4f6c-b5a8-5f304d5caff7.webm,0
8c631f0e-6973-4d8e-a42d-b1d0bf1ffe1d.webm,0
8c6b92b4-6cdc-4a92-84e9-dc32f24ca87e.webm,1
8c8228e5-3ce8-4420-82e6-24d5c54d612d.webm,1
8c84dca8-93c6-45bd-853e-6ba5d03b2cad.webm,1
8c8bff30-d3ef-4308-9fea-09d958c12096.webm,1
8c9122bd-5601-48aa-865a-63db152a91df.webm,1
8c9af778-13db-4555-822c-12a7a4931834.webm,1
8ca4463e-23a3-4a16-9d46-7b28b968e6af.webm,1
8cb53fee-67d8-48f6-85eb-b74eab71d4bf.webm,1
8cd6b5c0-96b9-4572-9b3d-2caf91996483.webm,1
8cdd0367-1661-4524-830d-2bd69aa6dee7.webm,1
8d33620a-f041-4c6c-b55d-78c1ac9eb8e5.webm,1
8d553d2b-0679-4122-9502-ac2f14c83513.webm,1
8d870fda-3cb4-4d17-8650-c52596963ff3.webm,1
8dbfd6be-5252-4201-9480-cf8464a7c2ec.webm,1
8debc554-dee0-49c8-8a54-34c26de4190d.webm,0
8e381f25-6bc9-4b5e-b221-f92e340e71b9.webm,1
8e40d48d-8f5d-4892-8103-451b2679283f.webm,1
8e472a6f-87ea-4c25-af3f-7bda3db7399d.webm,1
8e71e6ef-4cde-4ccd-9407-cc37f808a1cb.webm,0
8e72293b-1ab4-44d4-b5be-0b51038d2304.webm,1
8e9e20cd-78c6-414d-91fb-c99092255bd6.webm,1
8eac4375-f279-468e-853d-c83c73a62077.webm,1
8ebca537-22d5-45fd-9f1c-60a58622284d.webm,0
8ec67d70-2a82-45ea-a646-ab8a5bc4bf4f.webm,1
8eda9baf-68f5-4979-a1e9-4c780c67fa71.webm,1
8f0052b4-731b-4822-8e4b-1393a473d35e.webm,1
8f20ec81-e8f6-4a72-ba04-42e5b1f3d522.webm,1
8f5531fb-5c2a-450b-b14c-4321085887d8.webm,1
8f6f00ac-c6d5-45e4-ad62-04883c38dfbe.webm,0
8f71aa36-4f94-4726-9def-b98b63f03a27.webm,1
8f71d0b4-c179-44a9-afb5-cc85047aca9d.webm,1
8fb727a9-c3c9-4233-a9c9-dfc0a41516ee.webm,1
8fc1ec0d-4d46-4a76-a833-68763de21df1.webm,1
900e0342-6ad8-48f0-8cbc-e8f1950541df.webm,1
90120a9b-ee30-4bef-b649-c725c986312e.webm,0
9031d3b2-4019-403f-9c71-f387e6b60a82.webm,1
904874e6-6333-448a-a065-bccfd9fa1fac.webm,1
906c93d3-6615-478b-a7a1-803a5a15d360.webm,1
90912b99-0e92-4dad-b223-3c96a6967316.webm,1
909bfdb4-9bf0-44e0-a468-d55d03f16a71.webm,1
90d19009-344d-4ffc-a999-56fc6dbf29a6.webm,1
90df4728-8750-4646-a0a4-027f2c9cd544.ogg,1
912af762-44df-4648-b48d-beba3435a401.webm,1
913c4ae7-9245-458d-9ea2-6a2fea6042f8.webm,0
914cd0fc-3623-4424-bc67-759743a0c593.webm,1
91678983-1d96-4390-8f09-55df6a75bb36.webm,1
91c59a04-aeda-4233-adce-ac2f3d2212df.webm,1
91d9c321-7371-4a0c-af3d-398542cb9c4c.webm,1
91e91fae-a111-4143-92c1-46b841db99f8.webm,1
920ae37e-af2e-4e43-a80e-2150a66db6b1.webm,1
922fd4da-e8ce-4ef5-b9a8-56921dfa9328.webm,1
92307087-a106-4fd5-919a-a92b57ffd316.webm,1
9235c603-3817-4c3e-b0a5-4624f1293282.webm,1
92417abd-a8e7-4efd-b1ee-3d4f079c5704.webm,1
9254bd84-4c4e-40cf-94d0-47a0bdf550ce.webm,0
9255b8a3-43a2-4c4d-a858-9ddc45bb506b.webm,1
92576934-e7b9-41bd-baee-5c6a9afc962e.webm,1
92580ab5-bc25-48ee-b844-16e2084cf14b.webm,1
92600c6b-0b96-4b9b-a82e-8ef053fc1a6f.webm,0
92a40891-fb6b-41ad-b005-bd84c48d12ef.ogg,1
92adce4c-a061-401e-8f42-df05f0b44ec3.webm,1
92bfada9-7b1c-4fcf-82d1-64ad74ad92a6.webm,1
92d33463-e1bd-490e-8a8d-adb7bfb0b24e.webm,1
9333c624-ef59-44f6-9643-fa9b2485c173.webm,1
93496ba7-a9ac-46fd-aa9c-67ff87897050.webm,0
936268f0-41a3-421d-bd18-8e69e597e84c.webm,1
93711a18-72ba-4e31-a846-73e3baf84128.webm,1
937c5f4d-2d0e-41c5-af52-9dfbdb4014f2.webm,1
93833a6e-c67c-4c5f-9570-6f36ac22b9e6.webm,1
93b08a57-7d1b-4a66-8afe-1eeb85aec8d7.webm,1
93d36f3e-2008-44cc-af6f-adb012cef434.webm,1
93d51cf7-6dee-49e5-b434-fa81a7595132.webm,1
93d85777-43fb-4fbf-a63b-95434133437b.webm,0
93dfe86e-d139-4b0e-b959-3b210701bab1.webm,1
93e121aa-1c8b-4b9a-b446-cbe4ddbcdaf4.webm,1
93e41aeb-7147-4335-874a-45fcbbe54858.webm,0
9420ab0f-61bd-4567-a229-e93ff115785b.webm,1
942152b1-4a8f-4d9b-a4e6-43f61504e589.webm,1
942bf8a5-16cf-4876-84ab-9a2cc125c0b0.webm,1
94479e93-6f2a-4235-a73c-33d2fd083a42.webm,0
94bfcb37-906f-4862-9c4e-69b5550e320e.webm,1
94c5e62b-3dd7-4586-9705-3eaaaaa68ec9.webm,0
94d56c05-bd2a-40c2-b86e-3877320f4ee8.webm,0
952475ba-04d5-4885-8e0b-52fe17a059da.webm,1
952c0483-b8a7-4bd8-bef5-c829f7ced3f6.webm,1
952eafc4-38d9-468b-b46d-c9a5f6b3d620.webm,1
9535fedb-ad1d-4d0d-969f-63b6400ebcb3.webm,1
953e2f0c-d36f-4365-baa4-1d310ed74278.webm,1
95677325-1a53-4792-bc6d-f2f707cfcb24.webm,1
956a3b1f-1961-40cf-ad48-fb36090f7331.webm,1
95c2af6d-4ed8-4626-88d0-27515a452ffe.webm,1
95c41fec-38ea-4144-a071-22baf4981bdb.webm,0
95dee56b-2ebb-48ec-acd7-2bb4ad631679.webm,1
960336ac-2567-4136-8ee8-f8564d556822.webm,1
961e1308-16f5-4f22-ae2d-fc4ddce3406b.webm,1
9639193c-1ada-4bc6-a5dc-6ea78064bb72.webm,1
963eb20b-9874-42ea-8fb9-dab787876248.webm,1
96678e97-6a39-4932-9c5d-13981167bbd8.webm,1
96684bb9-596c-4886-80e3-ccb2238e41d2.webm,1
9668aedd-1d7b-48e7-86d1-7c00c67211ae.webm,0
967a1fee-a7df-4644-9693-498626b618cc.webm,1
96898934-8f8e-4af6-b351-24039794ea57.webm,1
96cc2028-6c26-4c69-ba07-e6bb1d86464c.webm,1
96d74d27-92ff-4886-b3a4-14e2d7886bfe.webm,1
96f63bc1-4c6d-4dc9-84c3-43d5b69d4a87.webm,0
96fd8500-a077-4d0a-bcd4-d6d5f747c2da.webm,0
970f633d-6dda-447a-884a-95dfc4798326.webm,1
9736398b-2034-43a8-88e1-affa632772c9.webm,0
977592cb-c1f2-4b5e-bad1-6132b5cd2ad0.webm,0
977f5876-db04-4abc-aa56-ab0e05f94676.webm,1
97b6a1d6-2c18-458e-bc05-3fe48136902d.webm,1
97c784f1-0322-45e1-9bb3-9a751ce1897b.webm,0
97d266b1-7856-47f3-9273-224e1f27be4c.webm,1
97f284b3-45c9-4262-9d4f-adafe31d6b71.webm,1
980be57b-b54c-4e5e-871f-41ef7785dae5.webm,1
9810b72b-79ca-474b-9b66-41079f892c79.webm,1
981441a4-89d8-43c5-8e43-3768968fa614.webm,0
981e8854-4893-4215-82c8-589142cb5ae8.webm,0
9821da28-7655-4736-abf8-4c89582e407f.webm,1
983d7e7d-7e21-43a3-8b5b-801374c6b529.webm,1
983d9e53-b10a-4674-a054-a04fdaf2de57.webm,1
9847b91f-6368-47af-8dbc-9ba177978890.webm,1
98c3b3a7-a287-40d6-ae48-fb59d8d21960.webm,1
98cf4fc3-ac20-4007-a227-3b89dc43a52c.webm,0
98e4742a-3aab-4dcb-a5b8-e903f91c4324.webm,1
98f74976-5070-4f9b-bcb9-b706b04da3cb.webm,1
98fb6294-d339-4c83-8ff5-2bbcf82e35e0.webm,1
990e8bc6-294e-4c33-983d-14a87aca6c57.webm,1
9934d1fe-f3a1-4246-a8b2-d0d61e003ddc.webm,1
994914cd-7e11-4f1e-b2c2-a0111f32307f.webm,1
99524a84-e055-422e-831e-f22188948c84.webm,1
995c65b0-7af5-4c3f-bac5-9405749f6f59.webm,1
99b2dc16-7b5f-4d45-99b2-c3768262be3a.webm,1
99ca2bde-0950-4e1d-8e9a-cbd0d70981bd.webm,1
99d322ed-c367-4d45-b6d1-f008b47f1af9.webm,1
99de245e-7797-4b68-8b4e-7be2c3600f49.webm,1
99e55cd3-f001-4c4d-98e8-c9e4e7a3410b.webm,0
99eb251e-8aa9-4307-b77c-3864dc15a789.webm,1
9a08c3a5-be05-4977-97bc-5571ed005933.webm,1
9a4d243e-4ac6-4c34-9b73-7ef188a02ed0.webm,1
9a5b90f0-06d5-4748-a260-e888ace7e53d.webm,0
9a70cfcf-2df1-4bbc-aed8-aa9afa094a9f.webm,1
9a80a95e-6d74-4d45-bfd0-62c3eb40471a.webm,1
9a8ced91-6c7b-4eee-beb2-252ab3d9554d.ogg,0
9a927cb5-465b-48a3-a36d-6411f5878790.webm,1
9aad0bb1-3d4e-430b-964f-2a8b27a20143.webm,1
9ab84f0f-1c83-4042-9497-474af8816350.webm,1
9ad9631c-6910-4f4e-ada7-319db3a165c4.webm,1
9aea1b03-9fc0-48c9-9e62-a6ac15633c03.webm,0
9b110ff2-f5c2-4e6e-8bb3-31f502375c7d.webm,1
9b1454f3-7e95-4b04-9369-ba923145c84c.webm,1
9b4f0155-35d2-4868-90e7-a61d2fa473a6.webm,1
9b8791f6-9c76-41a6-b8bf-3090c8b4609f.webm,1
9b8b9c77-650e-421a-bc08-bec7e996ad16.webm,0
9b94d08d-5269-45f2-815d-d5891c5dd8df.webm,1
9bbc6186-f18d-4a96-b92b-37d25b390bdf.webm,1
9c121206-2d76-40b1-bbd0-4b1f483adada.webm,1
9c77d63c-96a2-4f45-8b27-c8582b4d44ab.webm,1
9c9d5f33-e8e4-4483-a9ba-992fe633e486.webm,1
9caf2c7a-bc24-48c1-abbf-6a371dfc8d18.webm,1
9cb376d1-0705-480f-a9a9-38a569c7b7c5.webm,0
9cc34b63-1cb3-4d22-aead-be1024a22c4d.webm,1
9cc8c2de-8733-4e5b-a18d-5bf9a5166c85.webm,1
9cd7b466-aba3-400d-9e0d-1362a6007988.webm,0
9cefcba6-bea1-4131-a905-3d28e567344b.webm,1
9d03d2b0-dde8-4a31-b4a8-7bb87e98750f.webm,1
9d389c55-da76-4670-b950-f5c03742d905.webm,1
9d4a6e36-fb08-4ef4-a309-7905212f67b0.webm,1
9d691598-b7e2-4d3b-a90a-afd4ab47abad.webm,1
9d72542d-65e3-430c-910b-fd34a2527812.webm,1
9dc463e5-8b7c-4cec-92fc-e03eb5f196f8.webm,0
9dc66677-d2a0-4c56-8a4d-74177f49ba1e.webm,1
9e0490ff-2444-488a-8c01-400b958c9875.webm,1
9e169e54-7024-4d03-bfa8-567dd5679efe.webm,0
9e1a07c9-37a4-441a-a5a3-834b2283ae01.webm,1
9e2709db-b6b2-45f7-a0b2-b067e187fe3f.webm,1
9e2a1ddc-35bc-42df-8fac-3afa75a69258.webm,0
9e4f4e7b-541e-4e88-80c8-458f62c12825.webm,1
9e5738c6-7649-42d5-be58-1e289796f189.webm,1
9e6d88da-2a85-4c86-a606-e66d83bf7550.webm,1
9e949ada-abdf-41f2-8d03-bbd3d1ea4754.webm,1
9ea4d87d-e60f-4a02-94be-20d345222a84.webm,1
9eb1894a-8201-431d-a923-79dc88945ebb.webm,0
9eb5f87f-3f16-423d-bd11-bb15a6b11a9d.webm,1
9eb6506a-17f8-40b7-968d-ee511818d50b.webm,1
9ebf6f35-91a8-4c33-84cb-fbeec8f2f557.webm,1
9ecb18ca-483d-400f-a049-1a078a483c50.webm,0
9ee376a0-375e-4cb2-9337-71f9f5a4f5a5.webm,1
9f2e5d96-7ac5-4b6b-8d67-afebd051d2e1.webm,1
9f40d734-f22c-400f-abed-87c15bedc69c.webm,1
9f4770aa-245b-4264-b872-98a2c45e9f56.webm,0
9f4dfad5-c175-4a75-b3ac-cdc08e72b98c.webm,1
9f7c176a-ae7d-407a-88a2-b0ee714858d7.webm,1
9fa0f414-5e2c-4ae7-bbbc-0330decc929e.webm,1
9fbcfd6c-6dca-43b7-af69-91a07eaa3c3d.webm,1
9fe0d71a-e946-467e-aac2-767ae85ed884.webm,1
a01cecbf-754b-4fcf-b29f-40688a457f4a.webm,0
a02e0fa5-1a29-4e3f-817e-15047e79e744.webm,1
a03baece-440f-4026-9705-4fcb2bc9e065.webm,1
a051a29f-4cf2-49b4-b057-f61b6b34b4fe.webm,1
a084b953-189d-422d-a40a-b545b4f01618.ogg,1
a08ada1f-32e6-40cf-9513-57cf411cf97d.webm,1
a08b86d5-4573-4a42-9a84-f75f5e50351a.webm,1
a08d28dc-9b8d-43ae-a864-9f25be0e1718.webm,1
a0b0d0bf-51cc-4238-bad5-1b70c6edf438.webm,1
a0b2c39c-8a24-4984-aa0f-009f13a700c5.webm,1
a0bd7465-ae76-40cd-903b-3591ed9595db.webm,0
a0e0ce03-2778-46f2-8b5f-aa46c503f392.webm,0
a0f11dec-e546-4869-a284-cffeeb231c6e.webm,1
a1182546-5e99-4ba4-b941-351c79866173.webm,1
a147e909-0e90-442b-adc4-b8487de75504.ogg,1
a14ac807-5cf3-44d8-acd6-830dd0d086ea.webm,1
a1f69db9-81f4-4a07-9808-dd1c99053125.webm,1
a20c7e61-024c-491f-807c-fd01dc856bbd.webm,0
a21a03e8-6ef5-4886-b5e6-e799307b0f5b.ogg,0
a27768df-a3bc-4ac9-9d45-76cc25508478.webm,1
a286fb10-67fa-432e-80b1-e3f3992f4f95.webm,0
a28776b5-b876-47ac-8973-9ca280156608.webm,1
a2990a45-ce3e-40fd-b7c6-a7e86fd92696.webm,1
a2ae6c67-9ab7-4d42-b4c5-e04d890493b2.webm,1
a2bd77dd-61f9-494d-b6b5-306ada124f30.webm,1
a2c4999f-df6f-42a7-b733-3d10536b6d03.webm,1
a2d7276b-0c33-4b83-aed9-c59d5bf3d6d0.webm,1
a2f3af55-0c64-4b6a-af94-35566bbdcf74.ogg,1
a31d884f-23d8-4098-ba48-09daca06c116.webm,0
a3529398-f357-4c11-bec3-c2e30088df2e.webm,1
a356e317-7698-4f2f-babf-1db281293f03.webm,1
a3652154-abdd-4d52-98cf-cddfc1c75447.webm,1
a3a67ea5-43d5-4b74-8176-0230d2281efb.webm,1
a3e8863e-e604-4d56-8dc5-9d26a198b699.webm,1
a3f71947-b7ec-4fd4-a091-987a2859d5e1.webm,1
a40dc9a5-b433-451e-9adc-ca98a84cc1ef.webm,1
a41864ca-8ce0-4b47-a5b7-c22b75e9139f.webm,0
a426cca7-528f-41d3-aba4-b717699e45d5.ogg,0
a46654b3-b91b-4f95-8a69-3dcd1d428ea0.webm,1
a46e0dfd-f746-4fdc-9736-ceba1e74ecd1.webm,1
a4732fa4-cad8-4db8-b902-143dc8ae0930.webm,0
a49d942a-331a-49b5-b755-8659a12fac07.webm,1
a4ca8568-dcc2-457a-9087-9342c5bb4a62.webm,1
a4cc4680-8bb6-4646-b9cf-d77a4e8ada21.webm,1
a4e1a27c-b284-434d-aa9c-e2a90c58388e.webm,0
a4e8f9b8-2d40-46c7-92a2-25c5f9d9fb28.webm,0
a4f345d8-2180-487f-b6c0-89bad13edcae.webm,1
a5025365-abca-4ff4-a335-a692389b7553.webm,1
a5115a55-1187-4983-b9d6-4e423d92f981.webm,1
a521beb8-4e79-4d26-8a6a-7570afc0d8cb.webm,1
a523b86d-a88a-450b-a778-bb131e1e0865.ogg,1
a55596ff-f478-4f96-8a86-5ba5a50d9c8e.webm,0
a583d3cc-ab0f-449a-9692-977714b3050e.webm,1
a59b651a-1ff1-48c7-80d2-e22c099ac642.webm,0
a5a1c57a-c8ab-4366-bf4a-0b8d21729518.webm,0
a5aeaa95-ed25-452b-b112-62c042c21b33.webm,1
a5e352b6-3f84-4374-9551-15e14383c27b.webm,1
a5fa8c76-d33f-491e-a515-f64ceb00a016.webm,0
a60e1682-1dda-4bc7-ab05-8e881a8b867a.webm,1
a61dc6d6-2367-4179-92af-652e96b272d6.webm,1
a6417792-0dfe-46da-b820-3c047f15ad9a.ogg,1
a649bd89-6584-41e5-a251-033caa07d08a.webm,1
a64fcfe4-90bd-4128-a5f4-28f2085995e8.webm,1
a664172f-6df4-44db-bfd4-c735f1edc3e6.webm,0
a6645b1d-dadc-4258-b03b-c5b3f05d519d.webm,1
a670d7c4-b813-4c4b-8176-07f8a10cf1be.webm,0
a684a1c0-e2de-4ae2-b1a1-cca613005bd5.webm,0
a68ab20d-545c-4f17-9c46-05d7ee8fabba.webm,1
a69d7fc8-6cac-417e-9008-89bef72f1fa7.ogg,1
a6b7aeb5-6b58-4bea-9e2d-6ee573cd1aab.webm,1
a6c4aa4b-eaa9-457f-a077-98eba5b8ad0e.webm,1
a7197322-5d2f-4661-8c48-01e39f06a234.webm,0
a75adc66-7f70-4f0f-91f7-7a2a2eac61e9.webm,1
a7758e1f-e7b5-42cc-a66d-99966ea8a44e.webm,1
a7b2afe9-4067-4ab2-8d9f-1d52008586e5.webm,0
a8b75ca3-e846-415b-809b-5a7c2c9024eb.webm,1
a8eeb6e9-2034-4c15-8fea-525fdfb3ef3c.webm,1
a8f42af5-1584-4411-9727-b23977374d14.webm,1
a9108704-75af-4d2c-afb2-5c8ca33cb9e0.webm,1
a97f2838-d416-4267-b41a-26f9cae46c62.webm,1
a9910dca-8898-4eed-90ed-1371a22c64e6.webm,1
aa059172-1850-4afe-8809-2fe79603286a.webm,1
aa0d68d2-690e-4341-9a83-c041c6abfcea.webm,0
aa27859e-d3a3-4a40-a241-8ebdc849017a.webm,1
aa345328-b50f-4bf8-9a8d-cf0063b04e6b.ogg,1
aa3632d1-d3e9-4ce4-9d29-d1f056fa3dfe.webm,0
aa4877b2-4820-422b-affe-c3d31c1fc70a.webm,0
aa5a073e-9319-477b-b2ad-7465765d6340.webm,1
aa697a0c-34a2-4257-b1d8-1ebf5dee5be8.webm,1
aa75a033-7295-488d-98d8-dd702ca9d5a7.webm,1
aa78817e-f5e3-470b-b516-6006c59fb1fa.webm,1
ab228702-1c84-4514-8ea9-7a207b1919c9.webm,1
ab2598a4-3781-40ae-b4f2-6d34abd2039d.webm,1
ab46097a-7d5b-47f3-aab8-222bf0043beb.webm,0
ab5ca169-33fc-4597-b047-5af78d41dcc8.webm,0
ab5f091d-dfc6-4477-b584-ad2a8c1e804e.webm,1
ab5f623d-dda2-4a26-ae6e-33e517e145a5.webm,1
ab77c2d6-edf7-4368-8cb1-5d8f1b928cef.webm,1
ab8ecc44-d33a-4e85-8e31-28cfe827fd17.webm,1
ab9d35b9-d716-45b4-83bc-dbd614fe4b69.webm,1
abb11855-0da7-468d-844b-91a228cd3eed.webm,0
abb1586c-6a06-4667-8407-5574b4cc78e3.webm,1
abbff660-5d13-4c31-b842-bbf2189ff14e.webm,1
abf2af4d-9369-40e9-873b-73dca08ae7a1.webm,1
ac3929fc-e9e9-40ad-8776-28449a228857.webm,1
ac4ea2db-4fff-4a7f-a5fe-3a9ade2f1020.webm,1
ac822d1e-4d15-4b74-af4c-eacbd77b7f27.webm,1
acae37ea-edb8-45fe-9a10-5b7af79c17ec.webm,1
acb0c92c-9682-4b64-9015-ed0395517f22.webm,1
acd3adc4-4f5c-4144-8dd6-3ea2063845db.webm,1
acf20c47-9595-45b9-88e2-2df2a8465fbb.webm,1
acf267c9-3e4b-4044-8f2f-8cb477a6e1d2.webm,0
ad1e2b4d-c00a-4eb8-ba61-702a4c3844a1.webm,1
ad3c9520-625b-4ce9-a3e5-0eb3d32a09e6.webm,0
ad4c34f0-25c4-4e74-88c8-ae0335b0dd1b.webm,0
ad4e4752-2168-4138-a5b8-a07c0332a921.webm,1
ad4f1929-696a-45db-89ea-265e4853c43c.webm,0
ada1def9-7e36-4d4e-8e3e-e678afee4185.webm,1
adaff9bb-1718-48b0-b376-2403b4603fa7.webm,1
adbb3da7-e704-4d43-ade8-e5e575d63c2b.webm,0
adc24bde-023b-457e-9be7-9fadbad0b155.webm,1
add43c2c-298b-421f-86f1-d69bfab218e2.webm,1
adddfa9b-c016-4e58-8275-308501fc13d9.webm,1
adea88c2-6fdb-4bf4-a62d-931c3a674f97.webm,1
adf406f5-b1bc-432a-ae5a-78c52fc95292.webm,1
ae0381a3-914d-42a2-8d3c-58a45db1be36.webm,1
ae05888f-fab3-4754-a98c-c3e76c82504d.webm,1
ae0ff134-0218-4d7e-804d-c48f57946de9.ogg,0
ae18328e-da30-4137-a717-a718ffe2412e.webm,1
ae321315-0798-4b11-a088-a2acdd099ffc.webm,1
ae331563-cb8e-4507-ae79-c04fa2fdef88.webm,1
ae4b17b8-7b3f-434a-a894-d4257c7394f5.webm,0
ae5570c6-766e-4e22-bcd3-a7ab006d5d82.webm,1
ae5dcf74-bf11-47a3-b0d6-c668a0794d8a.webm,0
ae6cd88f-277d-4f8f-acb9-c25903bc5b8b.webm,0
ae7d06f1-2f0e-4fee-a080-76084ab5bb86.webm,1
ae7ee0f8-d516-451d-b7a8-b855b638d74e.webm,1
ae7f3e27-5c50-48bd-ba50-4b52ddfc6b8f.webm,0
ae800719-1e77-45cb-9c1d-264eebca44ec.webm,1
ae9ae0a2-f646-4f2d-a8d2-050d71fc3a29.webm,0
aeb567c4-529c-43c7-9075-21537e836d4d.webm,1
aeb63eba-7261-4d5a-9cf5-4f31357bcd57.webm,0
aeded0cd-89ff-43d3-86f2-4ae7bc4fbb56.webm,1
af293f75-3cc9-4c0a-b678-f0f508f65439.webm,1
af511c3d-614c-4b89-abcf-8c9f9d2f9f3f.webm,1
af89b4c6-a942-4dbd-9efb-cc0ae79a9acf.webm,1
afadbd6d-433c-4ffc-81da-1f0217bac43e.webm,0
afd37003-52a9-44ba-bcf4-7fc7d637ad37.webm,0
afdcc1b1-befc-4eac-bf4b-328a7a21261e.webm,1
b0594260-0767-4564-9792-ec1dac2149ae.webm,1
b07782ac-d2f7-4c46-bd5a-045e715d20a3.webm,1
b08bd7a4-a123-4f28-b659-bbb5ea70fb6f.webm,1
b09a9f07-62d0-44fa-b3da-b4716361eb88.webm,1
b0aa16a7-ed93-4a11-88bf-031ea505282c.webm,1
b0f187db-9026-4791-90dd-f845cdb3f90e.webm,1
b0f208f9-2bb8-4de3-b144-ecc04a5e10d3.webm,1
b138e68b-b8a7-4144-af49-57cb00f9eb6d.webm,1
b1821263-6041-423f-93d6-a174d97bc4d7.webm,1
b1bdaeee-ffa3-4a1e-a213-7a74e3a863c3.webm,1
b1e56350-eef1-4dd1-8d7a-446c15eff785.webm,1
b235a516-97d4-4a64-91dc-f85f31f50deb.webm,0
b26b3150-4026-442d-b1ac-6b3ab2a991b3.webm,1
b273b74b-a227-43c9-be4b-3e8cf959fa44.webm,1
b2767c1a-d2a6-4d6d-8108-a2772ed19f7f.webm,1
b2880c03-b9df-4fab-b2cf-a82eb3ab97f8.webm,1
b2b52448-2ff5-4aa3-a43d-a4e3711d85bb.webm,1
b2c1d6e5-37e4-45c9-95bd-109c519ebe2f.webm,1
b2caeb04-59dd-4f72-9bd1-b3f7e4b93c39.webm,1
b2cb680f-2b1f-4daf-824c-c83952cd639c.webm,0
b2cb86f2-d182-4a2f-9321-5b19ddadf4f4.webm,1
b2d806e7-37d8-4e92-8780-c7b8ed7d7b26.webm,1
b2e9cb14-17c6-42ca-8503-5a0a3ff80b3c.webm,1
b2f44fa1-bf02-421f-afaf-9c19de73caf9.webm,1
b300ba99-adb0-4005-8292-e3ee5134a5a6.webm,1
b302565d-ba48-44ae-acf1-e2306492a217.webm,1
b326dcd4-4cf5-4ac9-9ffa-4780f8a53cc7.webm,1
b349c0bf-5c56-4ee5-9d0d-d050d8dd9ab6.webm,0
b3586314-8a5c-44cf-a2d1-a60578c664f5.webm,0
b35c9f6c-4e1d-4c3f-a733-5905c3ee387d.webm,0
b374149f-cdc9-4865-9151-e229bb0ab98b.webm,1
b37a051e-c2b0-4f38-9b12-51652c511d03.webm,1
b3889822-bf4c-4655-8d72-69593a4abda4.webm,1
b38dbe54-b3c1-448e-bf03-92cdf214932d.webm,1
b38e69f2-01f9-47ac-b94f-cf7b5eb764b3.webm,1
b392ae80-f91a-4a78-bad3-2e8a8c8130d2.webm,1
b3add103-8854-4aba-8448-18361df4dac2.webm,1
b3bc167c-616b-47e4-a4ff-95e1d40dfdfd.webm,1
b3e0dc79-0457-4a79-83ce-810e36215ffd.webm,1
b408553b-befa-4a28-ab99-a10bb23384fc.webm,1
b4538358-d704-49f4-81a6-2888dfc4b309.webm,1
b46dc541-8b50-4f9b-b22a-761e144f88d9.webm,1
b48cf8a8-5988-40ec-a036-198d093d13a4.webm,1
b49127a5-8baa-4782-ac6f-1b69807d82fa.webm,1
b492f127-ee29-4a55-b479-80e5e3a8a66a.webm,0
b4a77f9e-b9cc-4dc6-ada3-48890a4951c4.webm,1
b4acf2a8-1a5d-4fcc-9f7f-26b510041553.webm,1
b4b17de3-ac90-415a-8e2c-393d6cc02618.webm,1
b4b7f4b3-08b4-46ad-a39f-ff4e5b029520.webm,0
b4cb0e7d-ee40-4088-8e82-21a910caa86a.webm,1
b4d64d96-8bf9-413d-a165-e6deed6c4dba.webm,1
b50c2fe3-345a-455c-8d50-fbda3d1e8476.webm,1
b50f238c-3493-4782-b1e3-9c76f751d9e5.webm,1
b5314535-17c1-407c-9028-f6c63f83e362.webm,1
b5808d67-b898-4d8b-b74c-6d3ef7085be4.webm,1
b5880de4-b63e-4b27-9a51-35a5a6667af3.webm,1
b5a3b275-3ca6-4eac-beba-311d612086a6.webm,1
b5a9b52c-0b40-46aa-a5b2-f39cf78ae2cd.webm,0
b5e4d3ec-457e-4a39-8ae7-5b86368c1104.webm,1
b5ec57dd-28bb-428d-a420-6617f7749a9a.webm,1
b60e7ee3-64c2-4982-8212-750b4dbe8c66.webm,0
b6165d05-e841-44cc-bb13-a59d6ceed6ed.webm,1
b618923d-796d-4adb-ae9e-266ab08f1249.webm,1
b61f41d5-8a12-44de-a8c7-f7ab67f35ab7.webm,0
b62f03ee-e324-4d27-82ff-0d5cd7ca37be.webm,1
b64268eb-bac6-47d4-8b21-9953c45e315d.webm,1
b6589fee-434e-4d2b-9234-f94545322f47.ogg,1
b66ea1a8-a46f-4890-8b1f-91c5841bfc99.webm,1
b689a94c-70d7-4fec-a237-b5ded63ca518.webm,1
b68a0a4e-7622-4426-875e-0dd9d6604224.webm,1
b694763f-70c6-4f29-bb00-0e8d7d7c9a0f.webm,1
b6ad6b8e-d647-4a31-a414-3c79a1006e80.webm,1
b6cab2e1-4f1c-47e7-91e0-97fb9118d890.webm,1
b6f51e48-7f2a-49d4-9ee9-296740a8e1c9.webm,1
b74176fe-cc78-4daa-8541-10ba8968439d.webm,1
b75bc5f1-f19d-4b79-bf86-99dd5f7f0bc6.webm,1
b768c79d-32bc-423a-b592-da360cb02ed2.webm,1
b77585a8-543a-4757-92a6-5465ee1284af.webm,1
b7825dc8-a17f-4171-863b-2c0b346cfcd0.webm,1
b7a3e1a0-9b7c-41fd-babe-ff77f4c2ad2a.webm,1
b7b6a650-3276-43fb-90b1-73134b483fb6.webm,1
b7dc909a-c1e6-4c75-b312-060b1ff136e0.webm,0
b7f60904-a2e1-4068-9854-523ebe8d8c04.webm,1
b85b1740-e5d1-4fac-9749-54acdbbc1b97.webm,1
b8738fc2-42d8-460e-97aa-ee731e15b21d.webm,1
b8a6b80d-9241-4e16-ab61-dd392640c7e1.webm,0
b8c17de8-3e21-436e-b4b9-7b689c56b6f5.webm,1
b8c204eb-0e27-40c7-b3ec-31e9c3ffe6d9.webm,0
b8d76cc3-378a-4ac6-9aef-0640c8473e7e.webm,0
b9211712-b642-4fd6-a5b1-2312402aad48.webm,0
b9579f63-24fd-4e2f-8444-c087556984ea.webm,1
b95b4d94-e665-41d0-bd0e-4fb9d4684e65.webm,0
b97d16dd-66a1-49dc-90ef-462a76cfe515.webm,1
b97f011c-062b-4fdd-a65d-4f1d8ab1bd09.webm,0
b986fda8-71e3-4de9-8702-5cc2c82b5faa.webm,1
b9a0045a-0f0b-479c-8771-3624068003d8.webm,1
b9e06a23-d76b-4164-b39a-64cd753a3c56.webm,1
ba5ade2c-45fc-41e5-b111-86c08ea8609b.webm,1
ba6f354e-2189-4b93-b037-c07ee2e72f40.ogg,0
bab59cef-c297-42f0-9c47-1371e791ea7b.webm,1
bac8326b-2652-443d-8b58-af96cdf5284d.webm,1
bae0c88f-852c-4f3f-8141-d037c777459e.webm,1
bae793eb-4a37-46cd-b98d-93a94cdb6fac.webm,0
bb17ca61-9aa8-45d2-9b3e-52c53965641f.webm,1
bb5fd4d8-a36d-4918-931f-c6bd2adcc20d.webm,1
bb6ce694-ca5a-4b1a-9460-8c4cbae05826.webm,0
bb825a76-02ce-4a02-a001-7ae1a05d5bb8.webm,1
bb84b88b-acd0-4975-8d43-0d0ebbf071f3.webm,1
bb94e3f4-831c-4c04-b528-617cf04ab8c7.webm,0
bb9766af-74b9-4533-ac93-e0d75f7bd7ba.webm,1
bb9cd351-d75d-4bd6-9140-7f88a8209871.webm,0
bbb221cc-8c5c-407d-9ae1-ae8ebd842504.webm,0
bbd87814-fc8c-493a-907c-aeb18acf8e44.webm,0
bbe5b8d6-21cf-4718-b263-0fb779d13784.webm,0
bc048378-1d7f-44ed-a8a8-e2ce7d0a56ae.webm,1
bc24d4d9-b66b-4429-8228-6645de25622f.webm,1
bc27b4fb-a820-4296-a776-0f0943ba1455.webm,1
bc474477-4762-4308-835e-733da92d712e.webm,1
bc74e39c-ab99-475d-932c-289473b9de54.webm,1
bc8ae260-71a2-48e8-b4f0-c8e8fafef4dd.webm,1
bcb56997-8193-4fbb-9b15-8fcaa5fba53b.webm,0
bcb69f37-df84-485a-af43-4ff8b9de570c.webm,1
bcb90b43-185a-4420-a4ca-dafe8f914682.webm,1
bcc118e3-39f2-45f9-8dae-46650d962729.webm,1
bce328d8-acfe-4cc9-bc60-e7934f3e6e5f.webm,1
bd11b513-12a1-44be-82f6-4fbeea1fbda0.ogg,1
bd132860-47c0-4ada-ab34-fa8b6b551685.webm,1
bd14922a-f88e-4b99-a338-360789a40b69.webm,1
bd205be0-24a4-4a28-8262-30bc14bf1faa.webm,1
bd38ab63-fa3b-4cea-8a67-544f6e270509.webm,0
bd3f28af-fb51-4867-b4ce-b56a6b17a79b.webm,1
bd41be52-d827-4914-b49f-33ac7276f56a.webm,1
bd5a92e4-6ad7-443a-810d-d615fb141da3.webm,1
bd6112e4-72e9-491d-859c-5bb9c7f04f88.webm,0
bd64a8e8-ad6e-4062-8e99-99ef5caab05b.webm,0
bdd15ab3-7347-4a29-b5f2-6a63f70bfe6a.webm,1
bde99a5c-a804-4daf-a4d5-897fb72d5060.webm,1
be0fe831-c469-4a13-961f-e3bd6dda0633.webm,1
be265d6b-9bc3-4499-a099-940ad4479dde.webm,1
be2d9024-401a-42a0-91fd-194567b1d4c1.webm,1
be482d71-4ab2-453d-abd8-e1a7fdeedb06.ogg,0
be53aed3-5771-4cb6-af3b-1c95dfed2ae5.webm,1
be5f63f3-2be9-448b-b57e-fa118eddc2e2.webm,1
be61b105-27d2-451e-be22-bea152a7d2b7.webm,0
be808b39-ff71-4d98-99c0-97436d1e198a.ogg,1
be8a660f-d3d7-40c5-8b17-2b080c28790c.webm,0
be920126-b1e2-4117-84e2-461b2230e46e.webm,1
be9d7901-a0ae-4ef1-83f6-d58c5263cd96.webm,1
beb10920-1bf0-42af-ada7-b73e73919bfa.webm,1
beb9eff3-e2c7-4f53-981b-0abc09158dec.webm,1
bec8de9b-7bf3-400e-bd0b-6f08a5f64339.webm,1
becfc635-5837-477f-9307-5a1ff0f8a054.webm,1
bed17bfe-d49d-44a1-a3d1-40ae3249ec52.ogg,1
bed70f24-2c60-43d7-bb35-5e1bbfbfcda3.webm,1
bee44bec-7d9e-4618-b2a5-8057627489ff.webm,1
bf4ca169-aab4-466f-8e14-63631e0b3ea0.webm,1
bf566ad4-6971-48cb-9b99-bbacf1b69438.webm,0
bf5901da-d580-4034-88b0-19bd18778f5a.webm,0
bf614ab6-2fe2-477d-b9fe-6351b79e38ac.webm,0
bf7f0dd3-eaef-4912-8edc-c919fd98df62.webm,1
bf8e9236-0d63-46ed-9855-38a1074c2121.webm,1
bf990e0e-bbf6-4233-8578-e77aea74a3b1.webm,1
bfa6b379-56e3-4144-ac7c-17d7269e9865.webm,1
bfcc9f56-1a5f-45a7-b11e-bbe449def56a.webm,0
c01b9572-1fbf-463a-9d03-e3857ab5d55a.webm,1
c07264af-0bcb-41b6-9322-cdd1fb2d654f.ogg,1
c07875ca-5e1a-4263-9a47-4c06f2b0fbe3.webm,1
c08b63bb-8c1a-45bf-937e-ef7381b1b731.webm,1
c0a97228-1fdd-4d87-bdcc-ce8b835ffdd2.webm,0
c0d601d9-53bc-40d6-b514-95d803f1df02.webm,1
c1243982-1f22-433f-b178-a27ebdef63ae.webm,0
c1281451-b74b-4659-beb7-11669297e022.webm,1
c1371e45-804a-42fc-a3f9-5e66d4dc0a23.webm,1
c156030a-cd9d-4dc2-abd3-5c18e647cffa.ogg,1
c16f96bf-dc05-445b-aed6-5758aa0ec5c8.webm,1
c18be4ba-eaa8-487a-9343-2c45af6c60aa.webm,1
c1d86c76-5622-4dbb-9da1-65aebf6a0f0b.webm,1
c233a7a1-c6d8-4f5f-8f87-bfd180c6d32e.webm,1
c2356246-454a-42ac-ae33-967e5feabcb7.webm,0
c261cdbc-fb1e-4444-8b68-33c920047d8c.webm,0
c2795c09-691f-421d-87eb-60d11ef0a776.webm,1
c2925320-df66-4a25-8309-3f1cca3dc37e.webm,1
c29f01d2-870f-4aac-94ec-3699fc0ee32a.webm,1
c2d24716-5e15-4066-855a-2a0c0b7566f6.webm,1
c2fc880a-7b05-4c36-affe-5ffe03dbc2b4.webm,1
c3174535-aaef-4c26-b0b5-a38996e54763.webm,1
c3382b37-9f19-4379-b488-68f636a6c684.webm,1
c34d6285-a7d7-4357-9036-cb4a5caec6f6.webm,1
c34dae42-797d-41cd-815d-b10d23d8844d.webm,1
c35098aa-e1d0-41f2-94b3-38e98f389c9f.webm,1
c362bab4-81b7-4d88-bd15-c2f0788173b9.webm,1
c36bde38-bab6-4907-b87d-41e055ae3431.webm,0
c36e8c36-3dfb-4ffd-98e2-118b6d58febf.webm,1
c37791c0-d5f2-4294-a9a9-b7b7a2b45417.webm,1
c38d0839-d212-42f8-b3bb-4de172b76748.webm,0
c3bcea97-1dfc-4978-88a2-654bd8303244.webm,1
c3c69ce2-8617-4329-8f39-7f7b16daafed.webm,1
c3cec81d-ff60-4b2b-a3ba-9ff86f268ea2.webm,1
c3d0135b-83ef-4aba-b98c-2c8fe50ffeff.webm,1
c4138919-bd2c-4e24-9fcf-582e428c7d27.webm,0
c4393c6c-412f-4f55-b417-9325337295c1.webm,1
c494d05a-a6fa-462e-9d3e-28e91b82147d.webm,1
c4961eda-91f5-4fbc-bd90-92f56f7f4deb.webm,1
c4a0fa78-e10b-43bc-896a-329bc997ffe8.webm,1
c4fbbd15-173c-4440-988c-b091e35aa978.webm,1
c500d455-d461-47a8-b0b0-ab01a31b7774.webm,1
c5260e7e-c927-464a-8946-bf1559afa0cf.webm,1
c52cae2c-3250-45e4-9c3a-4cfb08ef9c98.webm,0
c52f9edf-409b-46dc-8d99-b0b6e0e3a336.webm,0
c54e2543-7e25-4a57-83fe-6b227220d00c.webm,1
c55e4ac5-03f1-4432-ada6-be2c30e76bcb.webm,1
c5868d6c-a411-4f12-b563-0a418224c376.webm,1
c587c70a-7489-4c3b-9696-ce1b715168ec.webm,1
c5901b26-cf9f-4235-be9b-8b900cc77a8b.ogg,1
c591e11e-6fdb-4685-8ae1-44576d877831.webm,0
c5a4c854-9d78-4615-9fdd-519e547e972f.webm,1
c5f4b9fe-04cd-441b-801f-ae24db6b2fc7.webm,0
c5f9e07b-81cd-4681-8608-74b83d2727bf.webm,1
c62a7d17-49e8-4f21-b862-230c26335e4f.webm,1
c64162e1-c768-42c9-a19f-bfbb2624933c.ogg,1
c66b8483-8310-437c-9e6d-ab3fc0aa5e98.webm,0
c67bffd4-1620-4f80-9b40-5661d595a5a0.webm,1
c6d2eece-2c2b-4192-939e-0096ad9e3332.webm,1
c6f428ef-5e9e-4ee9-ac88-aa50b5d435ad.webm,1
c6fb2de6-86a6-4704-b267-11c0031431f2.webm,1
c70a2941-2013-443e-85c3-4996a4886e2c.webm,1
c723aaaa-0712-4673-80c5-0ddd96a76196.webm,1
c7385617-fe9a-4aa9-b609-0128789e3709.webm,1
c73c0e08-c880-4f04-a432-150d9c955b0c.webm,1
c776e24b-6f36-4b9a-b104-fb0a6d617854.webm,1
c7aebd2e-f4d8-4af7-82f5-f0d71f93cae2.webm,1
c7f04242-4649-488a-bf21-72fa488e1c5b.webm,1
c80fe88b-bddf-44d5-b1bc-f226a753f8f3.webm,1
c85daa1b-6f5b-4bc7-803b-117cb57953e5.webm,0
c8983507-264a-4bbb-8926-8a06afb36bff.webm,0
c903ddd6-d205-411d-923a-60550e6aab1e.webm,0
c91409af-d36d-4ec3-a26d-ba640c97c90c.webm,1
c91f0ba5-6d0e-415a-a27f-b9753d758533.webm,1
c91f755a-e37e-4106-a90a-bb0672fdfd24.webm,0
c9259945-3b6b-4c80-bb22-e4a1f5afae50.webm,0
c941e62c-e260-4ee9-959e-af91663ac58c.webm,1
c961a082-77cf-412a-ba8a-66fff0b7bc82.webm,1
c98b76a0-089e-4552-8649-2804e2d95403.webm,0
c9c17bea-4fb9-40de-8d10-a45f61420be0.webm,1
c9c4445b-fbd3-4f4d-9ca2-282a669d79c4.webm,1
c9d68f80-c9ee-4cb3-885b-f4f46fa1c8bd.webm,1
c9e9e5c3-e5fc-4d11-b58b-811670e0e954.webm,1
ca4579a8-d65b-42aa-8fdf-1108e3b0323e.webm,1
ca81325c-1dc0-49ad-94cf-0b7d5b7f3a4a.webm,1
ca8d6795-2841-48a0-9d9b-9e00f9e866c3.webm,0
cab3fcff-7d53-4f0e-8e81-5b537b268657.webm,1
cabff14e-9531-4c6b-9719-7ca875f0bb80.webm,1
caf07708-037e-44b8-b4f9-abeb76b237f2.webm,1
caf4e7ea-513a-4f81-941a-56e28c49fb6d.webm,1
cafcbee4-cfe7-4bac-8bbe-ba98da2b9179.webm,1
cb1970a1-62d6-4492-bf4d-d54913a842dc.webm,0
cb3817bb-f344-4376-b3b2-4c9be6356ca8.webm,1
cb513153-e832-4d97-b1dc-23e45c572435.webm,1
cb5c6410-8b55-4c33-932d-fc72e5cac22c.webm,0
cba605e5-ddfc-498a-afee-4c8fc964863d.webm,1
cbbbe2c4-51c4-48e3-807d-5ad37ad220e4.webm,0
cbbef439-96c8-4dca-b3ff-f8491b7c8653.webm,1
cbc44a45-447f-4143-b0eb-1bb44185b99a.webm,1
cbdd4f1b-a67e-46e3-8f1a-a52da5689294.webm,1
cbe792ac-397c-4b38-91d3-043fef882f90.webm,1
cbfd3865-b0fe-4f54-86ba-d93c47feeb2f.webm,1
cc0bc8c7-eb1b-4290-8f64-58c4fe25c58e.webm,1
cc3c1f82-0559-4ae6-bcbd-45a61a6178b0.webm,1
cc47f830-9785-4651-9756-cde2f39fb494.webm,1
cc5b8aa6-355a-4f4c-bc88-4f1d5bafc5ad.webm,1
ccd3279c-e351-4e6b-a142-fd3f48c3b052.webm,1
ccdb32af-58f4-4718-9f6e-eec7e0020382.webm,1
ccddf95b-d3c2-482a-a335-a27f6512f113.webm,1
ccdfd92d-e6f1-42ce-8781-ff6d04f7f628.webm,1
cce1d2cc-0c32-4dc3-bdf8-67c330c8758d.webm,1
cd05d1d9-ed06-4fa7-b0d7-3e43c89eb45b.webm,1
cd2970a6-ff70-473b-868b-20133b47ed74.webm,1
cd2ee4d5-cd25-420f-939b-d1732400861c.webm,0
cd5f6325-824a-4373-903f-1703e9b21d1f.webm,0
cd63091b-d9e3-4ff9-a6f0-c2c0b9d65790.webm,1
cd70f9b7-5ea5-403c-aff7-4804663bfbf6.webm,1
cd9de27d-87fa-43e6-a452-8cdaba3eae4c.webm,0
ce02bd1b-5ef9-4840-a9b8-152ba4c8be70.webm,1
ce047b79-fd52-4ac5-a451-f27d8a368985.webm,0
ce0c319b-da2c-4f90-9050-108a8156acb5.webm,1
ce2634a4-1ad5-4e79-bb90-905c03e52afb.webm,1
ce29aef9-0a86-42e6-ab49-258b8a6b1a5e.webm,0
ce468c06-5a71-4498-8b0d-4d75551094b3.webm,0
ce7114e2-e1eb-426a-a309-c76332709c1d.webm,0
ce7edc59-863a-4a77-8835-60e07c61bb99.webm,1
ceeb2481-85b7-4f06-b322-968328f19d36.webm,1
ceedfac8-9acb-4a08-97de-5fead70cd19e.webm,1
cefb99ae-7dda-4397-8b65-77e3fc0c7739.webm,1
cf16794b-0a6a-4c43-8785-227bf882d277.webm,0
cf2c74a0-98e8-4ae7-8917-eaa4a59c7c67.webm,1
cf59244a-576d-471e-b853-9871be627fa8.webm,1
cf701e11-d828-45d4-ad04-ceceb7920886.webm,1
cf97b7f8-de05-47f8-8a3c-d3ec1672d25f.webm,0
cfb0a4da-7205-4bfa-985e-b6a953ceb85c.webm,1
cfbda12e-fdc6-4749-a7ec-3a81c3106317.webm,1
cfecb0d8-defc-4875-afad-427f964ce2f3.ogg,1
d009cf2d-59a1-4e33-8071-22f5018bd098.webm,1
d00ea88c-8581-4fc2-8956-e5d996ab2a5c.webm,1
d014a758-b70b-4474-9de5-63f7061f95a6.webm,1
d03bc7d5-6c3d-4e75-ab06-3ee662d58171.webm,1
d071fcb6-719f-43c5-8cd1-ec835a4a94cd.webm,1
d07e4f28-d901-4c74-a849-ccaa432173f8.webm,1
d085181f-cd24-464a-9bd2-b8fe313d2321.webm,1
d0900d06-18dd-4fa9-94a7-7dc1e4d0f125.webm,1
d0a4cbf7-263d-49f1-978d-8cf767546e3c.webm,1
d0d4e84a-3692-46e2-a168-463896fb9d31.webm,1
d0eec145-0080-4dab-b0bb-a22656bb81ed.webm,1
d0ef2ae1-90a7-4035-8b19-ba9b9d0376c3.webm,1
d101742f-52a3-4ed3-a4bb-46f65d02fc2a.webm,1
d11e501c-6f48-4028-8198-9075c67ce238.webm,1
d158929e-e725-4d3f-9fb3-d0d966c2e45a.webm,1
d1a21158-7a3b-4313-8fc3-0472b257b4c7.webm,1
d1c3a8a6-742e-4677-aa79-92b9b217be75.webm,0
d1c5cabc-edf9-4244-9ba4-a379bf154e29.webm,1
d1fd16e4-258e-4b20-9978-d0f6106b1d22.webm,1
d2728113-e256-436c-a7be-b3e846ada715.webm,1
d27e741d-a621-46f1-b121-c2ea3f8b8a94.webm,1
d293ce7d-1898-4c66-bfd2-c3c329e82408.webm,1
d297b163-1de9-42b1-abf5-ee9ca659377f.webm,0
d2a55629-24e2-4460-8a0a-b7065927ee07.webm,1
d2c91dbb-f9d3-4d93-ac4d-1b0245631c82.webm,1
d2de43f8-722b-4b4c-bef5-bf34af1629f5.webm,0
d36b2344-52ea-4ba3-ba59-342ad523a675.webm,1
d3994a00-b7c8-4c14-a7f6-9324d367cef4.webm,1
d3ea88bd-d578-44dd-aadd-391f8559bdc5.webm,1
d446bc98-e79e-41a7-9311-010b43c3f943.webm,1
d474b19c-bc88-4c58-8cfc-5bca2308077c.webm,1
d4cdbb95-45a0-4023-97d2-773d9c3cb828.webm,1
d4e4b900-939e-48e9-ad9f-bf9eee425303.webm,0
d505b939-4d86-4713-8bba-987cde761118.webm,0
d50fb043-08aa-4960-94f7-e9bbc690e70d.webm,1
d50fd3a5-eed3-42d1-aecc-ecb0cbec3903.webm,1
d551a262-676b-4856-ae36-5b6334c6b586.webm,1
d57d4c31-4f34-41cd-9fdf-84e4df3f2dcc.webm,1
d57e15cf-e837-4e9e-a777-c3ee24fcb72b.webm,1
d5908fa3-9410-4f60-ba27-a57cace776ae.webm,1
d5a1411d-d312-44b1-a37d-a387ec13df1a.webm,1
d5ae4279-5716-4658-ba24-8cb5cf87f40d.webm,0
d5c3b7ae-d6d2-4313-87a7-7e6a1256d6a9.webm,1
d5c506d9-9b17-4886-b5b3-999f8ee8060a.webm,1
d5e56f55-97a1-417d-a724-04d6ef10830e.webm,0
d5e9a1af-2571-40f7-99c7-77cfe71657c5.webm,1
d66c93d7-6aac-4876-9252-66d9bf26323f.webm,1
d6d428e1-3829-41e9-aa09-5f05e5eb058b.webm,1
d6de71ae-5b92-4a91-a656-bd0d33fa6189.webm,1
d6ee9da5-ff1d-4677-9ab2-da397e3267c4.webm,0
d6f624cb-757b-441c-bf5f-e22dc914277b.webm,1
d70748e6-0e82-4760-a2fc-d63b01d3c65c.webm,1
d70f7518-e3e8-46f3-a4fe-fa43363f16ca.webm,1
d789e459-6db1-4481-af44-db7427304108.webm,1
d78b572d-ec2a-420c-9a0c-f3c4e9d89da3.webm,1
d7f614a8-8661-47dd-ad5b-97f23e5808e9.webm,1
d801aaa2-a086-4213-a552-7dd6fbf53943.webm,1
d81285fa-a717-47d7-8eea-e25aa65439f0.webm,1
d81adbaa-3240-4f17-85c7-e523292d7ac0.webm,1
d844a814-c17d-4398-b536-9963f6ded940.webm,1
d85118e0-5f00-4ca3-b56b-94a7b7cd01ee.webm,1
d8660e7e-fc21-4583-9c37-4e9ca911ad17.webm,0
d89232a8-8662-4904-a49e-49d60329543b.webm,1
d8dd429e-db29-4389-96a3-e68e6d8a6b77.webm,0
d8fc622d-69af-4433-9f5d-e885f50966f9.webm,0
d90f21db-93fc-4e29-b023-8c2fd6a02931.webm,1
d910ef6f-6f27-4e94-9f70-33469431e341.webm,1
d92e70af-5bec-4d14-a60e-5a3806e24e75.webm,1
d93b74aa-faed-4737-9d5e-540e0fbdb961.webm,1
d954acf1-9620-448c-a856-f617f1eca77a.webm,0
d97205fd-941e-45c2-8671-2f340af6735f.webm,1
d994f7f6-43cc-445b-8634-ff3c038ffd53.webm,0
d9b4a30f-682d-4889-b65f-b359f4ebc74d.webm,1
d9bbd789-3516-4bd1-982f-040ffd01eddf.ogg,1
d9df9ee0-aa06-4c4c-953d-939a6a8b6a8e.webm,1
d9fb1d7c-a659-4194-831e-1a0110f57215.webm,1
da1428b5-d5e2-4f78-8371-d7ac4316baea.webm,1
da1fad02-0141-4cbb-96bd-408bad5641b0.webm,1
da46a312-ce96-4de1-9093-dc28d77a46a9.webm,1
da46c7ee-5342-4f0f-8326-fae957cdfcdf.webm,1
dabd8101-b56b-40cd-84c6-169b7f8c6fbc.webm,1
dacc51e7-099f-48b3-9462-d9ef5c8c9d3d.webm,1
daeffbd1-c066-47a4-a86e-fa08a97b19c8.ogg,1
daf72e17-3529-4037-8fee-3852396f059b.webm,0
db052b95-1d01-4995-a6b7-7c5be060d474.webm,1
db0a337d-5bfb-41a7-980a-7516a8afb3ab.webm,1
db234c88-9a58-4947-a852-d7f2584128ef.webm,1
db72efa4-78a9-40e7-a450-0affcd4c96b6.webm,1
dba6a1e3-ce39-438e-af77-9b1ce00332de.webm,1
dbb52561-93ca-444e-9ff9-e61fd6c6996f.webm,1
dbbcdd61-47bd-460c-ade5-afad45f955f5.webm,1
dbc6f669-469e-4306-acdc-f46039006148.webm,1
dc17e768-40f6-462e-99ad-80292586ac3a.webm,0
dc2d0ff1-8f06-4deb-a95f-bdac66488319.webm,0
dc52c21c-6602-44ef-b982-9771f4fb76c1.webm,1
dc58218c-f021-4ec8-85ed-04ad4004ae92.webm,1
dc994f21-ea5e-4236-bc48-2fd980feb2f8.webm,1
dcb7cded-c3bf-4835-9f1f-efac118a40c1.webm,1
dccd10ed-751e-462c-9513-340d89510ea6.webm,1
dcd085b9-d8d4-4c6f-8082-0214e523cdba.webm,0
dcd6359c-4fbc-44ea-93b0-f1da55eb3a75.webm,1
dce7e6e4-8f03-4062-a005-c9f529ed5e2d.webm,1
dd235b59-b0df-4eb7-9024-3b11e1515888.webm,0
dd26e157-4b48-45b4-9d57-90ed5ed1d06b.webm,1
dd363c25-b708-43ff-a756-652cd8f29766.webm,1
dd3e8166-0375-4882-b037-add3a813f84f.webm,1
dd489c88-affc-4142-ac56-752c3a433991.webm,1
dd5cd67a-68c9-4c8c-8eef-4925989ecb98.webm,1
dd774ccf-3980-4eda-90d9-aa2fa57bde32.webm,0
dd7e32e6-a949-4c92-a5b1-628edbb65144.webm,1
dd80d0c6-76ec-43b1-9611-23ea269cec57.webm,1
dd87bf69-1802-47aa-9586-b840d685797a.webm,1
ddb8b5b4-e913-4e08-b8ac-92b038e42d96.webm,0
dddb1a55-d976-40bc-ad41-cdc713623e03.webm,1
de39c600-5209-4974-954b-0a07f2ed4b6e.webm,1
de543d13-541c-4ad7-bb3c-c5c302de3aaf.webm,1
de56cd32-fa6d-427c-89b9-a4ab4757ea58.webm,1
de67d064-eff4-40c4-ab46-b115d0691e1f.webm,1
de6c2eaa-887e-4e96-8b30-26a354bf625f.webm,0
de7b422a-c5cb-4b9a-9bbd-1c4545ead02c.webm,1
de8c4a22-61e3-402d-a2b7-ab5d3c01f4c6.ogg,1
dea47426-a6cb-4ab4-a3aa-8dad29db8183.webm,1
deb2972a-cee8-42f2-8cde-0639c71dda23.webm,1
debfe3bc-97c3-4de9-8b9e-71ffb0525d99.webm,1
dec024bb-bb3f-49ba-8a42-b1420d56a2e0.webm,1
dec07d31-544c-4069-b3f3-5a4ed0ff9e8e.webm,1
deca9f96-463f-4198-baf0-19c42446ec19.webm,1
dee8c009-e2f7-4258-9c17-98f8ef49345d.webm,1
deec748e-a51e-4a37-a7fb-47df7b035292.webm,1
deed6204-88f7-4d5c-824c-44c662fc5ad3.webm,0
df09794b-095c-4ae9-8968-945ccc7b5668.webm,1
df17949b-3eb0-45a5-801b-7a7f3985031e.webm,1
df35b241-5aff-4f49-80f6-4ef5fabc115c.webm,1
df6cf29a-fcf8-4b96-ab4f-19e018c3b297.webm,1
df9cd86e-9e40-4da9-8291-3bc7f86b33f2.webm,1
dfa97006-e494-4c73-ba46-2fe805aec1cd.webm,1
dfb0a442-3453-4d42-b355-b68eda2a9865.webm,1
dfe7b783-c80f-4357-b72e-63e875bf9ec3.webm,1
dff83863-6ceb-416a-9846-26b13bab1bfa.webm,1
dffa7256-7298-4c53-aaf5-4276f552e3fb.webm,1
e0107451-503c-48b0-9a9e-675a3a0c834e.webm,1
e0177fc1-39ec-433c-b5cb-6c71b859a88c.webm,1
e024dc48-fbdd-4845-ac13-cbe67c60446a.webm,1
e048aa97-7313-48f8-99f7-0f2795bf4a48.webm,1
e0775475-c08a-4b96-9227-a9eaf90616ac.webm,1
e08e7dcf-5219-4eb7-9d74-c5605830db06.webm,1
e0bd94ad-3476-4149-a368-f13f68f56fbc.webm,0
e0bff316-8b9e-4e4e-898c-eff0923037f8.webm,1
e0c631a6-5e7e-4f5a-8a07-d27f0ecbfb65.webm,1
e0f90aa2-e38a-446a-aade-19b461eb2bf8.webm,0
e1259ecf-0b60-4106-9852-61c945065ab1.webm,1
e160b3c9-c859-4856-9c2a-23707b65fff9.webm,0
e16268c9-dc19-43d9-b55b-b01258603ae5.webm,1
e18efb30-aea1-4cf9-aadb-0afe4c51c7df.webm,1
e1b700e5-389f-4a04-afee-986ea103614e.webm,0
e1cc40c7-1a39-4d65-9493-27fe806912b7.webm,0
e1d7fad3-6eb9-44db-ad0a-1f25cd555b53.webm,0
e206e88e-4a9e-4eab-b9c3-f1d5ed807c96.webm,1
e23dd9bb-9e34-4cc8-b3ba-cfa5222d9fd8.webm,0
e247085a-cf34-45be-b3c1-3c609c7d2bf1.webm,1
e2719794-cda2-484d-9147-7d526bd86148.webm,0
e272246a-5c0e-4549-83b0-8330cfce867e.webm,1
e27b104a-e2fd-403e-a02f-ffd0560cd52a.webm,0
e292ff84-85b8-486e-984a-91ecceef4b90.webm,1
e2a72896-8aac-4254-81f4-97812b05d4d4.webm,1
e2d0d856-56e7-44d8-8919-7df7ec16c001.webm,1
e30be719-4bdc-46c5-b515-7549d06f12a2.webm,0
e31980dd-7946-467c-9b10-3141c29843b3.ogg,1
e31a34d6-2e8f-42b1-b633-7569897a8dc8.webm,1
e339c45d-998d-4f9b-a8f4-300a63985aa2.webm,0
e34cdc7f-07c9-42fe-b7df-6dc80b56fe73.webm,1
e34e8af3-7bcc-4e7d-9951-553af852bc8c.webm,1
e34e8cb1-f615-4542-849a-d6e6f7e7f6e2.webm,1
e35305cb-6b8a-4c37-a216-3857fab648e7.webm,1
e35b727e-5460-4f4f-9295-bd0c927b14a8.webm,1
e36c0dda-a5cb-4398-ae8f-235320a729e4.webm,0
e3809e9c-1e0a-40d4-9008-6ef4eb69b1f4.webm,0
e389b2e1-e6a3-4b8d-a6f7-080890003015.webm,1
e39dac66-46e0-4d6f-b09c-58026674c71f.webm,1
e3a0e232-dc03-478b-9f8c-b6d928cd01ab.webm,0
e3a3766b-6f4a-4c72-a35e-fddb96113795.webm,0
e3bc1069-6c55-448f-8d73-8d6b8aaa715a.webm,1
e3d41a55-cc7c-4328-a805-1f1d9c86a2ee.webm,1
e4242c29-1213-4960-b792-565fae299403.webm,1
e4714f0e-c191-42dc-9928-78da49129e16.webm,1
e4729edf-12e5-4ba9-883e-1114c32b90f0.webm,1
e4740bf9-f9ea-47f9-9fbd-1a285654a9de.webm,1
e4996edb-842c-4bda-b5f4-ffb6ec8cc8fe.webm,1
e4bbd7fa-3767-48e3-97cf-c5e14881314f.webm,0
e4ec845a-b80b-409b-afa0-81abc3ae3dc7.webm,1
e5309e82-43fc-4aac-9bd7-200c3b4e926d.ogg,1
e539d599-6d07-4174-9f29-a562ced58b68.webm,1
e5477d1a-79f4-476a-8824-e88a27e85ae3.webm,0
e56b40e6-935c-41c6-a04f-cfa133d69cec.webm,1
e56ea219-e97c-45c4-8222-5ecf168445b5.webm,1
e58d45f3-7d6e-48e6-801b-eafc15f1ec85.webm,0
e5a8a140-d910-47da-b3d6-96941e084028.webm,1
e5afc038-4511-49d8-9540-07e27a990096.webm,1
e5e07345-f99d-4051-a5be-ec195c931772.webm,1
e5e9bc03-88b3-432f-b8d1-ca8891b72912.webm,1
e614bfdf-0264-4094-8585-a1cd4068f503.webm,1
e6264c42-d888-4a82-97ac-6c5a40c1cc19.webm,1
e64c0647-d3b9-47c0-8da6-09c1895ef9f1.webm,0
e659824f-fb7b-4b6b-86da-5c629e1ce0fd.webm,1
e659ca3c-b237-4fa7-b612-ac29fcac79d0.webm,1
e667faac-9ba9-472e-8a97-ad47887d5108.webm,1
e6788288-778c-46d3-9d83-c4c2eb6f707d.webm,1
e6a6d19c-2ff0-4c1a-aa5f-f432c9a8b55e.webm,1
e6aa50ad-6ca4-4187-aca1-6e5915e1d691.webm,0
e6b18767-9e15-44cb-a8f5-565a90c4d17e.webm,0
e6b481ff-0920-4d48-bb9d-8b5349c483b7.webm,0
e6d07d7b-cd63-4f81-8dbd-3ab87104fbf0.webm,1
e6d21be3-e101-41cc-bc17-f470d41fcdb9.webm,1
e6dfe942-2d7a-4fb5-8273-6e1a3a82cc37.webm,1
e6e247f6-2e96-4a5b-b54e-7f92e208b743.webm,1
e73d5a4e-b7cc-416b-8103-8aabacf3b8fe.webm,1
e79d0700-f58c-49fb-ac01-4de73d7d4a7d.webm,1
e7bd9488-4878-404b-bc30-da40ac705462.webm,1
e7e6514f-c919-4b6d-bd8d-e8d5dd401bd0.ogg,0
e80023d9-392a-407a-9580-9c66eb45d7bd.webm,1
e804a68f-0030-4b55-b452-a2fa4f6211ed.webm,1
e83d9943-0a3b-4492-a260-25dffff666b2.webm,1
e8537e2a-98b1-4ddd-8237-3835215218b4.webm,1
e86fec7f-8158-4d9c-a8b8-889a793cb0bd.webm,1
e8759970-c5b4-4d2a-a71c-d08ee83f482a.webm,1
e88932d8-8869-4fa2-b4a5-1d4a3ddce94d.webm,1
e89a2e55-e5ad-4774-950c-ae4e84b444f8.webm,1
e8eaf768-9997-4a63-ad2e-4a01c5adee86.webm,1
e8f9178e-30b1-45b8-bde1-b4f00c4b4883.webm,1
e8fe6b8b-a7be-404d-95a5-5da7f4efe0e8.webm,0
e92a2b84-df5d-41c5-af89-5b2b450dda22.webm,1
e92ed6f0-70a8-425f-8dee-1b0443381224.webm,1
e93321b9-a59c-48fd-92da-7fa4c3f7220a.webm,0
e95fa8ec-64e5-4fb1-afdc-b70bac309dec.webm,0
e9650512-35f6-4872-acca-c8aca7cd228b.webm,1
e9708094-2ece-478f-9dc4-ab951c42034b.webm,1
e971aab1-03f6-47c1-b826-ce9004ac7698.webm,1
e9761e7d-92fa-4307-9fe0-e4efe9c91e0c.ogg,0
e98708c7-be8c-45f7-864d-f436fb087e0f.webm,1
e9925f90-f4ee-4c88-b488-df961b25e8cf.webm,1
e9ac8c20-f223-4225-8e17-bd524ecb0a68.webm,1
e9b6c992-e63c-446d-8c92-e7e62209b6a1.webm,1
e9bf0a5a-ff96-480b-a54a-f647143e1d6f.webm,0
e9d0b8ba-4bb5-46c6-a1a6-3d3f68fc0c19.webm,0
ea14fc20-28a3-4cb1-aaa6-c7081ba3dd29.webm,1
ea15c9f5-e77d-4b3f-803d-443a69d63eed.webm,1
ea162a64-2c94-4b8a-a8b8-9caa25dfd150.webm,1
ea3553b7-8fc4-4889-bc48-9318dfc1c9f5.webm,1
ea3848e3-886a-428a-a918-4d01f32e38d8.webm,1
ea454263-90d9-43f6-91d3-a82e80a18781.webm,1
ea550a6f-3b55-4beb-9aa3-1325feed86ab.webm,1
ea783521-7fe9-4e65-9dd1-ba4d30126bae.webm,0
ea80b502-dd8c-45bd-b7d5-047a9ab88be3.webm,1
ea8b1411-bcc8-47f3-8ba7-9b3585b83319.webm,1
ea975f7b-e57a-4e47-9133-ec421fb193c5.webm,1
eaae5d4e-ca16-468f-a1d9-3567a396b6da.webm,1
eade4e05-0fe3-4736-8a9c-35467d078113.webm,1
eae8e66a-1b99-454e-a1d5-4c86045a6e73.webm,1
eaed556e-e896-4e43-baca-a8bd7b127e92.webm,0
eb43c33d-b6a1-476a-a135-40b872e8221b.webm,1
eb5db267-0123-403a-99da-2ce15429f502.webm,1
eb74838f-26b9-457e-a4f6-3fff63ebc270.webm,1
eb8828a2-ec95-4e4d-883d-7795322a0079.webm,1
ebc51510-8df7-4de4-b308-e562a002795b.webm,1
ec041149-b613-4b8b-823e-1bed1d6dc6e0.webm,1
ec1c43c9-5043-4735-9f66-905e47e22b48.webm,1
ec53685a-d497-492f-a753-2e0418ee6e1d.webm,1
ec86b666-9979-4799-a06f-9773eba8927f.ogg,1
ecac4c64-aad4-4856-ab96-06f236c5861d.webm,1
ecbf28e8-bb61-4a27-bd9a-1f5fd8c332d1.webm,1
ecc957af-3001-4a29-935a-32db98540746.webm,1
eceaa3a9-f850-4ba9-82ee-1bcd2575b99c.webm,1
ed19d797-397f-4218-8412-14d7f5c25780.webm,1
ed2373a3-37a8-4961-b18d-4e0b92f8b1e9.webm,1
ed3c3ea6-58a4-46d1-8b7c-1c575fb29893.webm,0
ed4ba184-bc38-4372-84c0-62485a79ec1b.webm,1
ed5f5776-506b-42ac-85f6-021619d319b9.webm,1
ed7daba8-a8bc-473f-b159-55d16ea59eb1.webm,1
edcadaac-51d0-44d1-99c6-efbbc41dd4bd.ogg,0
edd069c7-e447-4763-9587-5a56ba981cb3.webm,1
edd0f863-340f-4e5b-b4ce-a0ef86db8d9a.webm,1
edf0f133-448e-4c9d-9c01-53b1a4c203f2.webm,0
ee28fdd9-6f0a-4c52-bb38-c8c43f24a669.webm,0
ee42cab8-6560-49b4-bb5e-bdeaa8f99751.webm,1
ee4c059e-fd72-47c6-9814-dc4a2a2f919d.webm,1
ee675fea-3d85-4c06-acec-3c69d26986e7.webm,1
ee81db75-dd90-45fc-a2a4-3dfb689f2fbd.webm,1
ee82b8a5-39ed-41da-a927-7be42bb86ec7.webm,1
ee899936-5701-4a8f-a3ab-f3292554a148.webm,1
eea41b38-0389-4eb1-8c93-c1832e1fb9b3.webm,1
eeaa9780-b73a-4e0f-b075-4dc5fbb54080.webm,0
eeae6f7f-bebd-4d8f-9748-d7a59f7628d6.webm,1
eeb42d9f-7fda-44b0-896d-503ee9722216.webm,1
eed57a99-9968-4c48-bf99-9babb20f3992.webm,1
ef101918-6c9e-493e-bad0-a6a83923b926.webm,1
ef3f4a93-0a99-4361-8132-5b41fa26610c.webm,1
ef4098b8-f694-4b16-89df-c81df3ce4192.webm,1
ef458365-a016-45ff-842a-7388a89ed774.webm,1
ef86e9d1-450c-4df1-8018-038459ac4c14.webm,0
efa6d8b8-e781-4fbd-94dd-1e266876ef77.webm,1
efbcf50f-5ffa-4cdb-b146-fa7e974aaa1e.webm,0
efdc1fe6-2c52-438e-8943-aaf97a387cae.webm,1
efe41fcb-0a86-4fd3-ad6c-e85f4cde8550.webm,0
eff08b1e-fc39-40e4-a807-7b2651644a8a.ogg,0
effe41be-bcf7-4f4a-9f52-1bf3435ab8f2.webm,1
f003e7d6-2902-4c41-bfc6-511dbb68a779.webm,1
f028405b-2f4f-4379-ba3e-acc7a69f90be.webm,1
f07af84a-1580-486b-bf02-534eb8e71bc5.webm,1
f09f7e2a-f173-4423-92a6-dea210147179.webm,0
f0bc6079-5c16-4c95-91be-ddffc7bb37b0.webm,1
f0bcf37a-4766-4cc0-a4d3-13a6e1343103.webm,1
f0be2916-492b-4de5-9061-015407dfe010.webm,1
f0da0dd1-a4d1-47ac-bc31-e9c6ceb05e28.webm,1
f1061528-48a5-4a06-ae55-773980db9986.webm,1
f114a26d-73cc-4065-814b-4de83dbda99b.webm,0
f18097f1-d7d5-4566-a7f1-dce0f2e8da87.webm,0
f18bb6f5-90c1-492e-8030-d95acd72b146.webm,1
f19c0f7f-037c-4fbf-8f3a-5426894b232d.webm,1
f1b271ee-6902-4cff-b260-cfdf9bc3fa1f.webm,1
f1e01206-3362-412f-8025-fb07ca64b1d7.webm,1
f1e02616-7b84-4e35-8d7f-1961b27c1c7a.webm,1
f23ee4be-d96c-43ff-a06c-99e1050b7ffe.webm,1
f23fac18-75a0-45fb-8099-a789d9597776.webm,1
f2574f9d-beae-4a85-ad18-289a400e1b6a.webm,1
f25876a9-e307-41a9-bd78-7ab345f9925e.webm,0
f2a76818-8d40-4033-9a48-10845fa9df29.webm,1
f2b8d4c0-b7ba-49a6-8e91-9f20be33520a.ogg,1
f2d57d35-d8f6-480d-bb64-58a5676ed09c.webm,1
f3032d2e-cfa8-4725-88dd-1e3ca0b563f8.webm,1
f33560fd-1e3f-4117-b759-b2151dfb7eab.webm,1
f347e2ac-a8f0-4eb1-8d14-088345ca7a7b.webm,1
f37cc139-33e9-4241-9b26-ec841b4750fd.webm,0
f3a3af59-0ebf-4644-a38b-32e36a70b876.webm,1
f3abf042-e22d-4e27-af5b-6650cc8f4883.webm,0
f3bdd3ab-aac5-42ca-9c3e-36475ee47349.webm,0
f3ef7d3e-56e1-496b-8a46-b593e33d25d6.webm,1
f3f25a4e-536f-4fe4-b038-7428fc916411.webm,1
f42f1d8b-0ed8-4ed3-bb32-637f8c52ce5d.webm,1
f45082d4-f205-483f-8d0b-427470db2ffc.webm,1
f4562a08-6124-4bca-8a0d-0bce0d0877a5.webm,1
f4659577-76e9-4ec2-b298-ac2f9d52ee43.webm,1
f46c5215-8097-4891-bbd4-d4ac017c224c.webm,1
f4748a2e-b4b7-4b87-be75-8352db1c9b25.webm,1
f4d06640-6eaf-40e8-a96e-3ffd924cd7ef.webm,1
f4e4e818-c210-4c9e-bdca-c1cf1af1e144.webm,1
f4e51208-6dcd-46c2-b2f3-f4fa6e6f8760.webm,0
f4e86ede-7444-4325-bcf8-bfd540e8ce43.webm,0
f504d41c-13e5-4d7a-9a91-0436aab969cf.webm,1
f515534f-1850-4a2a-9400-6269e7baae16.webm,0
f5231767-4f81-4b7a-bace-c6eae80fe56c.webm,0
f5531d66-e612-41c3-b7c1-658fe7922f34.webm,1
f5608979-5563-4e30-804a-901f50270c60.webm,1
f5a36e3a-28f9-461d-970e-c95ff38f4740.webm,0
f5a661dc-8161-4842-b1c3-cd7265896101.webm,1
f5b8f8e8-8480-483f-8d49-2cb53aa22e8a.webm,1
f5d1d24e-13ed-46f6-9f68-516ae92414b7.webm,1
f5e3c403-1588-49ad-8984-47f123f941f8.webm,1
f5e8d8ec-e234-4117-a4ab-2f7dba0066ef.webm,1
f6106423-2107-4296-8f2a-feab7047a322.webm,1
f6171954-10f5-4991-9278-c54776d937ef.webm,1
f6205ed8-a1cc-4685-aadc-c5bf8cc87490.webm,1
f63fdfe6-071c-480e-bbdb-85cc44accd49.webm,1
f648c8d2-86db-4f23-a1b9-a0b437cef2e0.webm,1
f64f33a5-b6e1-4d5c-ab1b-8d48dd826440.webm,1
f66386d5-f2e2-4b9b-8f00-35e51858446b.webm,0
f67d8450-f76e-4c47-bbbe-85418e320acb.webm,0
f6b63555-a974-4879-88f7-6302464721a2.webm,1
f6dc47c2-d5f1-4153-b9a9-7ee1419cbae5.webm,1
f6dc7637-6214-4f47-9063-3cbfb8b3b519.webm,0
f6fd67d0-eb9d-47b4-9fc7-1e4af068d05b.webm,1
f6fe17fd-c1b9-481e-8586-b40af4b3691b.webm,1
f73d615e-0c05-454c-a505-52ef2c1c2865.webm,1
f74c0bc5-65ab-417c-b039-563afca97836.webm,1
f76b3127-9c87-42ad-a745-6db235e9d632.webm,1
f7bdbe37-e5a7-4ea5-a6c2-6b1c5a066695.webm,1
f7c0a229-049b-49cb-a6f3-ad2b0e7bb90d.webm,0
f7c229bd-ed49-40d5-a1bc-837ea7b66bd0.webm,1
f7d1f28a-e3a8-4dd9-b7ec-93e04ee023a0.webm,1
f7f2f111-2861-4eda-a25e-ec6c90b87c2a.webm,1
f7f6c610-34ff-4fbc-b4b1-4b061444766c.webm,1
f8053fc3-bc4e-403b-b9d4-14133cfe83a6.webm,0
f871f11b-c593-4d30-b683-f9ba565088e5.webm,0
f87d25cd-c9b0-409c-be18-39a7f80f2ff0.webm,0
f89ce6e7-5b0d-491f-8a69-c1c8c98166be.webm,1
f8c27e97-5b6b-4437-a8ae-236074a31b98.webm,1
f8ca1e1d-4660-4739-ae76-cf0b10de2540.webm,0
f8d8b216-d17d-40ce-8de6-6a889adcf016.webm,1
f9144621-a450-411a-b4f6-9a29e617358f.webm,1
f930602c-d0c5-4f91-ba64-9f86dff15d78.webm,1
f9328b47-1943-4dea-a54a-18cc3c5d06e4.webm,1
f942b766-ef1e-42e7-826d-40e053414824.webm,1
f98206a8-8669-4527-b3c8-7064c9aa929e.webm,1
f989ae6f-5c2b-46b2-a105-e8b18c314099.webm,0
f99a8315-236c-483b-8222-449dea88604a.webm,1
f9c4e39b-ad65-47a2-98bd-af70af6749a8.webm,1
f9c950cd-6d37-4598-bf31-bd47cdf1a720.webm,1
f9f521ef-bcba-461f-8dcc-b4df6f6beb2f.webm,0
fa3cbbd0-dcbb-4ce7-a658-d87644a69946.webm,0
fac54acc-602e-45d7-8b4c-ed926bd9fd5c.webm,0
fafbe64d-8da4-4901-95a2-e0025771f446.ogg,0
fb0971e2-8ebf-459c-972d-b09d28ae0ca6.webm,1
fb3e67fd-8b81-49f0-b6fb-178903f2c79a.webm,1
fb6e4eac-fba3-4ab4-95ae-53488da9b68b.webm,0
fb8f5c0b-93e0-4403-baea-26673d650b42.webm,1
fbd52f87-029f-4bd9-86ed-4743018722e8.webm,1
fbe16432-b3f6-4d2e-b414-ae83660414a8.webm,0
fbec03d3-9641-4ed2-8bf1-d7732ddfa691.webm,1
fcb50bad-93f0-4198-96e5-6858c84c5691.webm,1
fcc3203a-cc1f-4eb8-a652-39a43311f598.webm,1
fcd7caa2-6034-457c-a8ab-6b838bf60d2b.webm,1
fd0859a7-9b11-405f-b151-6f21048f50bd.webm,1
fd368417-9638-465f-baac-9a08e3fae7fc.webm,0
fd59bf10-ea8f-4401-a6d9-a9cce4e8303f.webm,1
fd7d172d-4106-427a-870b-0384c88f147f.webm,1
fd849b72-f4bf-4852-9bc2-fd9becc9571e.webm,1
fd8d6e46-75de-42b3-a7ef-30d5294b915d.webm,1
fd9c0574-c559-4301-bab9-bbf45e64ed40.webm,1
fdbabb79-c296-4b93-9e02-06b290916fe7.webm,0
fe28d452-dc48-4c86-af5c-d8cee2e7105b.webm,0
fe3ddef6-cf4c-4adf-b12d-bf5c5b79a5f4.webm,1
fe40afee-154b-4092-8626-baf91e2860ff.webm,1
fe8c855a-21ba-4f61-b274-3acff1ea5265.webm,1
feabf097-bb15-4fdf-85ac-a9babbaf5d9e.webm,1
feb93862-2508-4ca7-a74e-77701bbcd3c0.webm,1
febc1922-0a6f-4667-8f5a-d28efdcd993d.webm,1
fed03a5c-6329-488c-a031-213ccdceabcf.webm,1
fed255ec-4829-4f4a-b22d-9bb23f2dd89f.webm,1
ff1234d7-7837-4ba7-842f-99fdc916baa9.webm,1
ff49f6b7-fa54-4780-a4be-b0594e628aae.webm,1
ff8363d2-016d-4738-9499-4c62480886fb.webm,1
ff8435f6-76b5-42c1-8f4c-7479710e71bf.webm,1
ff8bfcc9-3df2-4752-8280-63f023fba31c.webm,1
ffa718e8-da65-4602-8da8-cda7cdc568f2.webm,1
ffbeb867-cdb7-4226-9456-e74c80acf2d9.webm,1
ffd18a56-096d-40fc-9862-e5c5a8ca1fcd.webm,1
ffedc843-bfc2-4ad6-a749-2bc86bdac84a.webm,0
